topic,video_url,user1 decision,user1 decision date,user2,user3 decision date,user3,user3 decision date
Watch repair,https://raw.githubusercontent.com/ariel-at-brightdata/labeling/main/watch-clock-repair_channels/mp4/UC-AP_1x1gkpEEOpdDhtiyVA-score-5.mp4,,,,,,
Watch repair,https://raw.githubusercontent.com/ariel-at-brightdata/labeling/main/watch-clock-repair_channels/mp4/UC-J3GWimoIA25RcyDEUTFcA-score-5.mp4,,,,,,
Watch repair,https://raw.githubusercontent.com/ariel-at-brightdata/labeling/main/watch-clock-repair_channels/mp4/UC-K2qFuEbHeFsHvBwtb3ZUQ-score-5.mp4,,,,,,
Watch repair,https://raw.githubusercontent.com/ariel-at-brightdata/labeling/main/watch-clock-repair_channels/mp4/UC-PIPwasuS4X3rRqPSKuCAA-score-5.mp4,,,,,,
Watch repair,https://raw.githubusercontent.com/ariel-at-brightdata/labeling/main/watch-clock-repair_channels/mp4/UC-_UR6Zb8Dbh31_lKpD-piw-score-5.mp4,,,,,,
Watch repair,https://raw.githubusercontent.com/ariel-at-brightdata/labeling/main/watch-clock-repair_channels/mp4/UC03LLKv5vPkyFHbgP6rqUyg-score-4.mp4,,,,,,
Watch repair,https://raw.githubusercontent.com/ariel-at-brightdata/labeling/main/watch-clock-repair_channels/mp4/UC0WjM0Yp0C_yEAeUjjkUJpw-score-5.mp4,,,,,,
Watch repair,https://raw.githubusercontent.com/ariel-at-brightdata/labeling/main/watch-clock-repair_channels/mp4/UC15BJjhPr4d5gTClhmC4HRw-score-4.mp4,,,,,,
Watch repair,https://raw.githubusercontent.com/ariel-at-brightdata/labeling/main/watch-clock-repair_channels/mp4/UC18RqO2UT8PNUxtmH-S65fw-score-5.mp4,,,,,,
Watch repair,https://raw.githubusercontent.com/ariel-at-brightdata/labeling/main/watch-clock-repair_channels/mp4/UC1qYmcA5sX-ZjEA7ScJ8Azw-score-5.mp4,,,,,,
Watch repair,https://raw.githubusercontent.com/ariel-at-brightdata/labeling/main/watch-clock-repair_channels/mp4/UC2E9QYM3O9ax2ohA68YuFVg-score-4.mp4,,,,,,
Watch repair,https://raw.githubusercontent.com/ariel-at-brightdata/labeling/main/watch-clock-repair_channels/mp4/UC2mczLpx5qsGg8HN0KROHTQ-score-5.mp4,,,,,,
Watch repair,https://raw.githubusercontent.com/ariel-at-brightdata/labeling/main/watch-clock-repair_channels/mp4/UC3Y138FJPEQ_Y4n6SHT3Tkw-score-4.mp4,,,,,,
Watch repair,https://raw.githubusercontent.com/ariel-at-brightdata/labeling/main/watch-clock-repair_channels/mp4/UC3udJVHTIMwdjP2UFoowmfA-score-4.mp4,,,,,,
Watch repair,https://raw.githubusercontent.com/ariel-at-brightdata/labeling/main/watch-clock-repair_channels/mp4/UC4AkjhxbWkE4Cz2nk42sZPw-score-4.mp4,,,,,,
Watch repair,https://raw.githubusercontent.com/ariel-at-brightdata/labeling/main/watch-clock-repair_channels/mp4/UC4FRTbWEQyrwPKnycZRH2cA-score-5.mp4,,,,,,
Watch repair,https://raw.githubusercontent.com/ariel-at-brightdata/labeling/main/watch-clock-repair_channels/mp4/UC4LlJ970af8cayvC59EddRQ-score-5.mp4,,,,,,
Watch repair,https://raw.githubusercontent.com/ariel-at-brightdata/labeling/main/watch-clock-repair_channels/mp4/UC4UVQpMOPdxNr7Hb5R3Xszw-score-5.mp4,,,,,,
Watch repair,https://raw.githubusercontent.com/ariel-at-brightdata/labeling/main/watch-clock-repair_channels/mp4/UC4e7PdCkykJzMAhfaVzlndA-score-4.mp4,,,,,,
Watch repair,https://raw.githubusercontent.com/ariel-at-brightdata/labeling/main/watch-clock-repair_channels/mp4/UC4pXvfia60yeFr6Sj1uplaQ-score-4.mp4,,,,,,
Watch repair,https://raw.githubusercontent.com/ariel-at-brightdata/labeling/main/watch-clock-repair_channels/mp4/UC590hyQNK3TodVNfrzkMoxw-score-4.mp4,,,,,,
Watch repair,https://raw.githubusercontent.com/ariel-at-brightdata/labeling/main/watch-clock-repair_channels/mp4/UC5Eh-vy7hm4zGzQ8yeiCjFQ-score-4.mp4,,,,,,
Watch repair,https://raw.githubusercontent.com/ariel-at-brightdata/labeling/main/watch-clock-repair_channels/mp4/UC5Y3-tVlON-OWo81EptS6EQ-score-4.mp4,,,,,,
Watch repair,https://raw.githubusercontent.com/ariel-at-brightdata/labeling/main/watch-clock-repair_channels/mp4/UC6Fb3grt4ECfZkrLHaUiZTA-score-4.mp4,,,,,,
Watch repair,https://raw.githubusercontent.com/ariel-at-brightdata/labeling/main/watch-clock-repair_channels/mp4/UC7DU-GYjbtdQIzTrO45VKKA-score-5.mp4,,,,,,
Watch repair,https://raw.githubusercontent.com/ariel-at-brightdata/labeling/main/watch-clock-repair_channels/mp4/UC7GfHCiOoTlXRZfahygKH-A-score-4.mp4,,,,,,
Watch repair,https://raw.githubusercontent.com/ariel-at-brightdata/labeling/main/watch-clock-repair_channels/mp4/UC7KyaGw7LqhP0LKlO8c9sbQ-score-4.mp4,,,,,,
Watch repair,https://raw.githubusercontent.com/ariel-at-brightdata/labeling/main/watch-clock-repair_channels/mp4/UC7vSOnpUocYq0z8oiYFk0zQ-score-5.mp4,,,,,,
Watch repair,https://raw.githubusercontent.com/ariel-at-brightdata/labeling/main/watch-clock-repair_channels/mp4/UC8Fnh5V01lstObcmwpm3Akg-score-4.mp4,,,,,,
Watch repair,https://raw.githubusercontent.com/ariel-at-brightdata/labeling/main/watch-clock-repair_channels/mp4/UC8cZQGPng6bjC1bijAu2hmw-score-5.mp4,,,,,,
Watch repair,https://raw.githubusercontent.com/ariel-at-brightdata/labeling/main/watch-clock-repair_channels/mp4/UC8wYh9AFzKN2fMRGK2Bb6ZA-score-4.mp4,,,,,,
Watch repair,https://raw.githubusercontent.com/ariel-at-brightdata/labeling/main/watch-clock-repair_channels/mp4/UC95lWW1k8vCfg6o9716ZBkQ-score-5.mp4,,,,,,
Watch repair,https://raw.githubusercontent.com/ariel-at-brightdata/labeling/main/watch-clock-repair_channels/mp4/UC9DZoJECRZNANy6qMVi-gxw-score-4.mp4,,,,,,
Watch repair,https://raw.githubusercontent.com/ariel-at-brightdata/labeling/main/watch-clock-repair_channels/mp4/UC9KFtrCh7zcg-0WoujtR9Nw-score-4.mp4,,,,,,
Watch repair,https://raw.githubusercontent.com/ariel-at-brightdata/labeling/main/watch-clock-repair_channels/mp4/UC9OfpvQHGyhP-TiEaCVcpAQ-score-4.mp4,,,,,,
Watch repair,https://raw.githubusercontent.com/ariel-at-brightdata/labeling/main/watch-clock-repair_channels/mp4/UC9fMAClrjXrSGRj1uzl2CRA-score-4.mp4,,,,,,
Watch repair,https://raw.githubusercontent.com/ariel-at-brightdata/labeling/main/watch-clock-repair_channels/mp4/UC9g1MKR7xSepQlDgVRWS-KQ-score-5.mp4,,,,,,
Watch repair,https://raw.githubusercontent.com/ariel-at-brightdata/labeling/main/watch-clock-repair_channels/mp4/UC9v8iN2mvSiOSiRIiQ2C4VQ-score-4.mp4,,,,,,
Watch repair,https://raw.githubusercontent.com/ariel-at-brightdata/labeling/main/watch-clock-repair_channels/mp4/UCA0b9cTccYcYTXuCHZrjF4A-score-4.mp4,,,,,,
Watch repair,https://raw.githubusercontent.com/ariel-at-brightdata/labeling/main/watch-clock-repair_channels/mp4/UCAe7ziw9x0BXQaaqeFwgIaQ-score-4.mp4,,,,,,
Watch repair,https://raw.githubusercontent.com/ariel-at-brightdata/labeling/main/watch-clock-repair_channels/mp4/UCAp4qU_Js7Se_Jk7xkMLSgA-score-4.mp4,,,,,,
Watch repair,https://raw.githubusercontent.com/ariel-at-brightdata/labeling/main/watch-clock-repair_channels/mp4/UCB2g1SzBZKKd_bi-mOxdHnQ-score-4.mp4,,,,,,
Watch repair,https://raw.githubusercontent.com/ariel-at-brightdata/labeling/main/watch-clock-repair_channels/mp4/UCBIBLCJOo6Pqq3N-utb0Zmw-score-4.mp4,,,,,,
Watch repair,https://raw.githubusercontent.com/ariel-at-brightdata/labeling/main/watch-clock-repair_channels/mp4/UCBhRzZjbXZwGplOZxVaAFCw-score-4.mp4,,,,,,
Watch repair,https://raw.githubusercontent.com/ariel-at-brightdata/labeling/main/watch-clock-repair_channels/mp4/UCBu0yeyRW0SW_0F0iir-mWQ-score-4.mp4,,,,,,
Watch repair,https://raw.githubusercontent.com/ariel-at-brightdata/labeling/main/watch-clock-repair_channels/mp4/UCC3bX4sBN6ohPjaRMTK9WVQ-score-5.mp4,,,,,,
Watch repair,https://raw.githubusercontent.com/ariel-at-brightdata/labeling/main/watch-clock-repair_channels/mp4/UCCZmyshj7Vfb5Kxvra4wK3w-score-4.mp4,,,,,,
Watch repair,https://raw.githubusercontent.com/ariel-at-brightdata/labeling/main/watch-clock-repair_channels/mp4/UCD6HhyngQFk-bBhWly9wWZQ-score-4.mp4,,,,,,
Watch repair,https://raw.githubusercontent.com/ariel-at-brightdata/labeling/main/watch-clock-repair_channels/mp4/UCD80T1s2Za4K682CQDGwEKQ-score-5.mp4,,,,,,
Watch repair,https://raw.githubusercontent.com/ariel-at-brightdata/labeling/main/watch-clock-repair_channels/mp4/UCDD-r_te9vu7fJpDmDdLiqQ-score-5.mp4,,,,,,
Watch repair,https://raw.githubusercontent.com/ariel-at-brightdata/labeling/main/watch-clock-repair_channels/mp4/UCDNClZB158n3lkZx0hziKBg-score-4.mp4,,,,,,
Watch repair,https://raw.githubusercontent.com/ariel-at-brightdata/labeling/main/watch-clock-repair_channels/mp4/UCDg8h_GDJFc5aMUs1DpmGew-score-5.mp4,,,,,,
Watch repair,https://raw.githubusercontent.com/ariel-at-brightdata/labeling/main/watch-clock-repair_channels/mp4/UCDjf5dnrwazKdYasfXPFebg-score-4.mp4,,,,,,
Watch repair,https://raw.githubusercontent.com/ariel-at-brightdata/labeling/main/watch-clock-repair_channels/mp4/UCEaZ67_Usec7lEPN5w5LgBg-score-4.mp4,,,,,,
Watch repair,https://raw.githubusercontent.com/ariel-at-brightdata/labeling/main/watch-clock-repair_channels/mp4/UCF-GcZLE96Fz-8TaMTJKFBQ-score-4.mp4,,,,,,
Watch repair,https://raw.githubusercontent.com/ariel-at-brightdata/labeling/main/watch-clock-repair_channels/mp4/UCF9zD2_MNdLy_QROrsUHl3g-score-5.mp4,,,,,,
Watch repair,https://raw.githubusercontent.com/ariel-at-brightdata/labeling/main/watch-clock-repair_channels/mp4/UCFNpy1yyUisYUZ1VlqvXrwQ-score-5.mp4,,,,,,
Watch repair,https://raw.githubusercontent.com/ariel-at-brightdata/labeling/main/watch-clock-repair_channels/mp4/UCG0DTIi86bBbIdGajcoCBPw-score-4.mp4,,,,,,
Watch repair,https://raw.githubusercontent.com/ariel-at-brightdata/labeling/main/watch-clock-repair_channels/mp4/UCG81gMHfBWzeVkj8LIWY_Rg-score-4.mp4,,,,,,
Watch repair,https://raw.githubusercontent.com/ariel-at-brightdata/labeling/main/watch-clock-repair_channels/mp4/UCGcv0lW-SRgNco8Zkim5vXw-score-5.mp4,,,,,,
Watch repair,https://raw.githubusercontent.com/ariel-at-brightdata/labeling/main/watch-clock-repair_channels/mp4/UCGjzQ-9XTQQyohY1MTHRvEQ-score-4.mp4,,,,,,
Watch repair,https://raw.githubusercontent.com/ariel-at-brightdata/labeling/main/watch-clock-repair_channels/mp4/UCH2tip12T74yMFqU-JaGoIQ-score-4.mp4,,,,,,
Watch repair,https://raw.githubusercontent.com/ariel-at-brightdata/labeling/main/watch-clock-repair_channels/mp4/UCH6OJ3ffjHoOIXMPJ4eG85w-score-5.mp4,,,,,,
Watch repair,https://raw.githubusercontent.com/ariel-at-brightdata/labeling/main/watch-clock-repair_channels/mp4/UCHRSkdG84Lof8ZEd8ZB9EuA-score-5.mp4,,,,,,
Watch repair,https://raw.githubusercontent.com/ariel-at-brightdata/labeling/main/watch-clock-repair_channels/mp4/UCHRkvR3NUVk8zITVavWEMAg-score-4.mp4,,,,,,
Watch repair,https://raw.githubusercontent.com/ariel-at-brightdata/labeling/main/watch-clock-repair_channels/mp4/UCHf2juUmZYWCWMjoQX6keyQ-score-5.mp4,,,,,,
Watch repair,https://raw.githubusercontent.com/ariel-at-brightdata/labeling/main/watch-clock-repair_channels/mp4/UCIEf9xiJynQZoHJExlAlI8Q-score-5.mp4,,,,,,
Watch repair,https://raw.githubusercontent.com/ariel-at-brightdata/labeling/main/watch-clock-repair_channels/mp4/UCIJWdL8K_5OTxJ61boyZ_dQ-score-4.mp4,,,,,,
Watch repair,https://raw.githubusercontent.com/ariel-at-brightdata/labeling/main/watch-clock-repair_channels/mp4/UCIm-vsm7cksyG4E7nZ-_-gw-score-4.mp4,,,,,,
Watch repair,https://raw.githubusercontent.com/ariel-at-brightdata/labeling/main/watch-clock-repair_channels/mp4/UCJPoD7tRUvKFIoDpIzy8WfA-score-4.mp4,,,,,,
Watch repair,https://raw.githubusercontent.com/ariel-at-brightdata/labeling/main/watch-clock-repair_channels/mp4/UCJRl_ExLZmmiZUi-aEApDfQ-score-4.mp4,,,,,,
Watch repair,https://raw.githubusercontent.com/ariel-at-brightdata/labeling/main/watch-clock-repair_channels/mp4/UCJqH5m_Kp7EjG4nJAnRCW8w-score-4.mp4,,,,,,
Watch repair,https://raw.githubusercontent.com/ariel-at-brightdata/labeling/main/watch-clock-repair_channels/mp4/UCJuAHnsoRhjjoGls1sdVmdg-score-4.mp4,,,,,,
Watch repair,https://raw.githubusercontent.com/ariel-at-brightdata/labeling/main/watch-clock-repair_channels/mp4/UCJyc5M8nA7aVW79z-rvM0UQ-score-4.mp4,,,,,,
Watch repair,https://raw.githubusercontent.com/ariel-at-brightdata/labeling/main/watch-clock-repair_channels/mp4/UCK2SMPUoSffzp8am1ri6I-Q-score-5.mp4,,,,,,
Watch repair,https://raw.githubusercontent.com/ariel-at-brightdata/labeling/main/watch-clock-repair_channels/mp4/UCKP6xsm4BGCeCjAWkN1qYvw-score-4.mp4,,,,,,
Watch repair,https://raw.githubusercontent.com/ariel-at-brightdata/labeling/main/watch-clock-repair_channels/mp4/UCKQlIfS56LN5z8i9RpZLCyQ-score-4.mp4,,,,,,
Watch repair,https://raw.githubusercontent.com/ariel-at-brightdata/labeling/main/watch-clock-repair_channels/mp4/UCKS5nT5ovYpUQDii_nprDsg-score-4.mp4,,,,,,
Watch repair,https://raw.githubusercontent.com/ariel-at-brightdata/labeling/main/watch-clock-repair_channels/mp4/UCKVQ_oI1Yg7x9TZwfzDmLJQ-score-4.mp4,,,,,,
Watch repair,https://raw.githubusercontent.com/ariel-at-brightdata/labeling/main/watch-clock-repair_channels/mp4/UCKbO8Kjfk-LhQ2YAP5HhZfQ-score-4.mp4,,,,,,
Watch repair,https://raw.githubusercontent.com/ariel-at-brightdata/labeling/main/watch-clock-repair_channels/mp4/UCKbVtRLZlqujo7siQ5V4KFg-score-4.mp4,,,,,,
Watch repair,https://raw.githubusercontent.com/ariel-at-brightdata/labeling/main/watch-clock-repair_channels/mp4/UCKqhdqKpIieG4RBfqGd1bHQ-score-5.mp4,,,,,,
Watch repair,https://raw.githubusercontent.com/ariel-at-brightdata/labeling/main/watch-clock-repair_channels/mp4/UCKzrE_-RJZC7hVQjSVPPzOg-score-5.mp4,,,,,,
Watch repair,https://raw.githubusercontent.com/ariel-at-brightdata/labeling/main/watch-clock-repair_channels/mp4/UCL6_79_CLJ_kSZnpw54uJVA-score-4.mp4,,,,,,
Watch repair,https://raw.githubusercontent.com/ariel-at-brightdata/labeling/main/watch-clock-repair_channels/mp4/UCLnMkY0lx1xi_GM_64iPZUw-score-4.mp4,,,,,,
Watch repair,https://raw.githubusercontent.com/ariel-at-brightdata/labeling/main/watch-clock-repair_channels/mp4/UCMUyBKkvaC4Vjo5ZLLz5CXg-score-4.mp4,,,,,,
Watch repair,https://raw.githubusercontent.com/ariel-at-brightdata/labeling/main/watch-clock-repair_channels/mp4/UCMnfc0zJ2_WsiTRcfUXh4dA-score-4.mp4,,,,,,
Watch repair,https://raw.githubusercontent.com/ariel-at-brightdata/labeling/main/watch-clock-repair_channels/mp4/UCMr5BvGWimufUQDiemyYbxg-score-4.mp4,,,,,,
Watch repair,https://raw.githubusercontent.com/ariel-at-brightdata/labeling/main/watch-clock-repair_channels/mp4/UCMsRdYTyncK0NgZwdat1M_Q-score-4.mp4,,,,,,
Watch repair,https://raw.githubusercontent.com/ariel-at-brightdata/labeling/main/watch-clock-repair_channels/mp4/UCN0rCmp1USSb-5n0cef1ueQ-score-4.mp4,,,,,,
Watch repair,https://raw.githubusercontent.com/ariel-at-brightdata/labeling/main/watch-clock-repair_channels/mp4/UCNEr_Xx7YfXp8G1vZoQDTMQ-score-4.mp4,,,,,,
Watch repair,https://raw.githubusercontent.com/ariel-at-brightdata/labeling/main/watch-clock-repair_channels/mp4/UCNLlUSC6Tq5mlQZpOitRjlQ-score-4.mp4,,,,,,
Watch repair,https://raw.githubusercontent.com/ariel-at-brightdata/labeling/main/watch-clock-repair_channels/mp4/UCNYHgYAkYhBHmQbj7a-QW9Q-score-4.mp4,,,,,,
Watch repair,https://raw.githubusercontent.com/ariel-at-brightdata/labeling/main/watch-clock-repair_channels/mp4/UCNe3TaHtkFnFHL6bMxPFuYA-score-4.mp4,,,,,,
Watch repair,https://raw.githubusercontent.com/ariel-at-brightdata/labeling/main/watch-clock-repair_channels/mp4/UCNgnDoRSOiA4KKsUVmKJXXg-score-4.mp4,,,,,,
Watch repair,https://raw.githubusercontent.com/ariel-at-brightdata/labeling/main/watch-clock-repair_channels/mp4/UCNkn-lW-Hxf_zDpHIbimk7A-score-5.mp4,,,,,,
Watch repair,https://raw.githubusercontent.com/ariel-at-brightdata/labeling/main/watch-clock-repair_channels/mp4/UCO5Ho926sEZ4gKDMm5vd8eg-score-4.mp4,,,,,,
Watch repair,https://raw.githubusercontent.com/ariel-at-brightdata/labeling/main/watch-clock-repair_channels/mp4/UCOjS3l5yAw8YTUs14y5obZw-score-4.mp4,,,,,,
Watch repair,https://raw.githubusercontent.com/ariel-at-brightdata/labeling/main/watch-clock-repair_channels/mp4/UCOlYJSjVrvtkuo9XW7iEYCA-score-4.mp4,,,,,,
Watch repair,https://raw.githubusercontent.com/ariel-at-brightdata/labeling/main/watch-clock-repair_channels/mp4/UCP71EPYsNo3Z8sEDbyQgP6Q-score-4.mp4,,,,,,
Watch repair,https://raw.githubusercontent.com/ariel-at-brightdata/labeling/main/watch-clock-repair_channels/mp4/UCPaLjnTugW3oV-uUbdIThCw-score-5.mp4,,,,,,
Watch repair,https://raw.githubusercontent.com/ariel-at-brightdata/labeling/main/watch-clock-repair_channels/mp4/UCQJGbqLveobm2UfICtibu6A-score-4.mp4,,,,,,
Watch repair,https://raw.githubusercontent.com/ariel-at-brightdata/labeling/main/watch-clock-repair_channels/mp4/UCQOn2ilyMw2LUTic_PTbSiw-score-5.mp4,,,,,,
Watch repair,https://raw.githubusercontent.com/ariel-at-brightdata/labeling/main/watch-clock-repair_channels/mp4/UCQbucrL9ZwKog5WwObLyNeg-score-5.mp4,,,,,,
Watch repair,https://raw.githubusercontent.com/ariel-at-brightdata/labeling/main/watch-clock-repair_channels/mp4/UCQcuKLV27hn1nhLM8hDW_KA-score-4.mp4,,,,,,
Watch repair,https://raw.githubusercontent.com/ariel-at-brightdata/labeling/main/watch-clock-repair_channels/mp4/UCQuJlGXi4uSxqC1fPyLME_g-score-4.mp4,,,,,,
Watch repair,https://raw.githubusercontent.com/ariel-at-brightdata/labeling/main/watch-clock-repair_channels/mp4/UCR3StW-VDD73x1UveQYDNRA-score-4.mp4,,,,,,
Watch repair,https://raw.githubusercontent.com/ariel-at-brightdata/labeling/main/watch-clock-repair_channels/mp4/UCR5haeZ4BoaUdhq6Y8B5O1w-score-4.mp4,,,,,,
Watch repair,https://raw.githubusercontent.com/ariel-at-brightdata/labeling/main/watch-clock-repair_channels/mp4/UCRJ8AoOUf98p5HxnWkv3_VQ-score-4.mp4,,,,,,
Watch repair,https://raw.githubusercontent.com/ariel-at-brightdata/labeling/main/watch-clock-repair_channels/mp4/UCRmSkqKTlLVf9epzW95OaoA-score-5.mp4,,,,,,
Watch repair,https://raw.githubusercontent.com/ariel-at-brightdata/labeling/main/watch-clock-repair_channels/mp4/UCRn1eULKskub16qGfJEsLdQ-score-5.mp4,,,,,,
Watch repair,https://raw.githubusercontent.com/ariel-at-brightdata/labeling/main/watch-clock-repair_channels/mp4/UCRrt5Te_7irJA9h51gQexfg-score-4.mp4,,,,,,
Watch repair,https://raw.githubusercontent.com/ariel-at-brightdata/labeling/main/watch-clock-repair_channels/mp4/UCSJ7LRO4GaHZdzowk2-7hJw-score-5.mp4,,,,,,
Watch repair,https://raw.githubusercontent.com/ariel-at-brightdata/labeling/main/watch-clock-repair_channels/mp4/UCSTTkxT4SzUOfj-famNgTyw-score-4.mp4,,,,,,
Watch repair,https://raw.githubusercontent.com/ariel-at-brightdata/labeling/main/watch-clock-repair_channels/mp4/UCShE87hrT6AhBen1ACFi2_Q-score-5.mp4,,,,,,
Watch repair,https://raw.githubusercontent.com/ariel-at-brightdata/labeling/main/watch-clock-repair_channels/mp4/UCT2aFmuJaRfUZBHS_Lq1oAw-score-5.mp4,,,,,,
Watch repair,https://raw.githubusercontent.com/ariel-at-brightdata/labeling/main/watch-clock-repair_channels/mp4/UCT2dECQQL1s4CpcfSEuIkNQ-score-4.mp4,,,,,,
Watch repair,https://raw.githubusercontent.com/ariel-at-brightdata/labeling/main/watch-clock-repair_channels/mp4/UCT9JMjwEa8UOUhGW2HfPg_Q-score-4.mp4,,,,,,
Watch repair,https://raw.githubusercontent.com/ariel-at-brightdata/labeling/main/watch-clock-repair_channels/mp4/UCTYsQYm1EAQFht2XkG-j23g-score-4.mp4,,,,,,
Watch repair,https://raw.githubusercontent.com/ariel-at-brightdata/labeling/main/watch-clock-repair_channels/mp4/UCTaona-umYM_sXyYMog1s7Q-score-5.mp4,,,,,,
Watch repair,https://raw.githubusercontent.com/ariel-at-brightdata/labeling/main/watch-clock-repair_channels/mp4/UCTeoT213ToaRTSkrPOAZo9Q-score-5.mp4,,,,,,
Watch repair,https://raw.githubusercontent.com/ariel-at-brightdata/labeling/main/watch-clock-repair_channels/mp4/UCTfKoz85h-Vt_BDSR5LdRyg-score-4.mp4,,,,,,
Watch repair,https://raw.githubusercontent.com/ariel-at-brightdata/labeling/main/watch-clock-repair_channels/mp4/UCTgS6zYMI0t-GMrUVgMwFhA-score-4.mp4,,,,,,
Watch repair,https://raw.githubusercontent.com/ariel-at-brightdata/labeling/main/watch-clock-repair_channels/mp4/UCTiMQxDD6tea97O7Oyf4tAw-score-4.mp4,,,,,,
Watch repair,https://raw.githubusercontent.com/ariel-at-brightdata/labeling/main/watch-clock-repair_channels/mp4/UCUmahVrPafJXnTq3Wm4j12A-score-4.mp4,,,,,,
Watch repair,https://raw.githubusercontent.com/ariel-at-brightdata/labeling/main/watch-clock-repair_channels/mp4/UCV0BEsJI4JmP2b0jIsabiKQ-score-5.mp4,,,,,,
Watch repair,https://raw.githubusercontent.com/ariel-at-brightdata/labeling/main/watch-clock-repair_channels/mp4/UCV5Ee13s6T9i6sB3VL0ibWg-score-4.mp4,,,,,,
Watch repair,https://raw.githubusercontent.com/ariel-at-brightdata/labeling/main/watch-clock-repair_channels/mp4/UCVOQ4h4kRJYiEbPpI5j_9-w-score-4.mp4,,,,,,
Watch repair,https://raw.githubusercontent.com/ariel-at-brightdata/labeling/main/watch-clock-repair_channels/mp4/UCVWSDR3Vrdp6_lTf-tvB1xQ-score-5.mp4,,,,,,
Watch repair,https://raw.githubusercontent.com/ariel-at-brightdata/labeling/main/watch-clock-repair_channels/mp4/UCVYy1FQYxks8svYPX7tCqAQ-score-4.mp4,,,,,,
Watch repair,https://raw.githubusercontent.com/ariel-at-brightdata/labeling/main/watch-clock-repair_channels/mp4/UCVu_TnSkLmfocR1qeR6h6gA-score-4.mp4,,,,,,
Watch repair,https://raw.githubusercontent.com/ariel-at-brightdata/labeling/main/watch-clock-repair_channels/mp4/UCWepAwKTPXi67ZQ_AsPjF-g-score-4.mp4,,,,,,
Watch repair,https://raw.githubusercontent.com/ariel-at-brightdata/labeling/main/watch-clock-repair_channels/mp4/UCX2aKO4DMuageZ0owGyKIOA-score-5.mp4,,,,,,
Watch repair,https://raw.githubusercontent.com/ariel-at-brightdata/labeling/main/watch-clock-repair_channels/mp4/UCX2eX98yI3UpKHBVtED5vjA-score-4.mp4,,,,,,
Watch repair,https://raw.githubusercontent.com/ariel-at-brightdata/labeling/main/watch-clock-repair_channels/mp4/UCX3ecvAUNFwM7sXdGnWGXQw-score-4.mp4,,,,,,
Watch repair,https://raw.githubusercontent.com/ariel-at-brightdata/labeling/main/watch-clock-repair_channels/mp4/UCXV8h3I9pnfZuDpg6xEM_8w-score-5.mp4,,,,,,
Watch repair,https://raw.githubusercontent.com/ariel-at-brightdata/labeling/main/watch-clock-repair_channels/mp4/UCYBQi_qL7YkfYfXRaUTXMGA-score-4.mp4,,,,,,
Watch repair,https://raw.githubusercontent.com/ariel-at-brightdata/labeling/main/watch-clock-repair_channels/mp4/UCYpt3jbbHQsG1TsZ6jvQNVQ-score-4.mp4,,,,,,
Watch repair,https://raw.githubusercontent.com/ariel-at-brightdata/labeling/main/watch-clock-repair_channels/mp4/UCYqQeobK1ofe8TOFjcWlkWw-score-4.mp4,,,,,,
Watch repair,https://raw.githubusercontent.com/ariel-at-brightdata/labeling/main/watch-clock-repair_channels/mp4/UCZGrn5yeb_Lv0O8DrbaKDyg-score-4.mp4,,,,,,
Watch repair,https://raw.githubusercontent.com/ariel-at-brightdata/labeling/main/watch-clock-repair_channels/mp4/UCZskNcTSRrbfLl76aNsop1g-score-5.mp4,,,,,,
Watch repair,https://raw.githubusercontent.com/ariel-at-brightdata/labeling/main/watch-clock-repair_channels/mp4/UC_6NUhQGVgB_UyLzWGogilA-score-5.mp4,,,,,,
Watch repair,https://raw.githubusercontent.com/ariel-at-brightdata/labeling/main/watch-clock-repair_channels/mp4/UC_VVLm5EY2dQSIAAXQyS3FA-score-5.mp4,,,,,,
Watch repair,https://raw.githubusercontent.com/ariel-at-brightdata/labeling/main/watch-clock-repair_channels/mp4/UC_e919ejWR7WO0kAgv_9quA-score-4.mp4,,,,,,
Watch repair,https://raw.githubusercontent.com/ariel-at-brightdata/labeling/main/watch-clock-repair_channels/mp4/UCa0LZjxEX-SZQDRFMmDT_Mw-score-4.mp4,,,,,,
Watch repair,https://raw.githubusercontent.com/ariel-at-brightdata/labeling/main/watch-clock-repair_channels/mp4/UCaYUIae_lEYrBxSwMNDMuhg-score-5.mp4,,,,,,
Watch repair,https://raw.githubusercontent.com/ariel-at-brightdata/labeling/main/watch-clock-repair_channels/mp4/UCaoHoXGQL5BDONt4vbaTw_g-score-4.mp4,,,,,,
Watch repair,https://raw.githubusercontent.com/ariel-at-brightdata/labeling/main/watch-clock-repair_channels/mp4/UCbTBr5ez8NDEhL_UF9Exygw-score-5.mp4,,,,,,
Watch repair,https://raw.githubusercontent.com/ariel-at-brightdata/labeling/main/watch-clock-repair_channels/mp4/UCbuFuEpurP0tPUGQLiUT1zA-score-4.mp4,,,,,,
Watch repair,https://raw.githubusercontent.com/ariel-at-brightdata/labeling/main/watch-clock-repair_channels/mp4/UCbxSvMHPjQ9U3pzsIYff_Qg-score-4.mp4,,,,,,
Watch repair,https://raw.githubusercontent.com/ariel-at-brightdata/labeling/main/watch-clock-repair_channels/mp4/UCc44d6ro4XtO4QXvu13oXCQ-score-4.mp4,,,,,,
Watch repair,https://raw.githubusercontent.com/ariel-at-brightdata/labeling/main/watch-clock-repair_channels/mp4/UCcZ5jizV0oXwxe992WHPMDw-score-5.mp4,,,,,,
Watch repair,https://raw.githubusercontent.com/ariel-at-brightdata/labeling/main/watch-clock-repair_channels/mp4/UCchbEPoquxqV8sAQcA-nCPQ-score-4.mp4,,,,,,
Watch repair,https://raw.githubusercontent.com/ariel-at-brightdata/labeling/main/watch-clock-repair_channels/mp4/UCci1MUB7x7yRkwgqIFpD7WA-score-4.mp4,,,,,,
Watch repair,https://raw.githubusercontent.com/ariel-at-brightdata/labeling/main/watch-clock-repair_channels/mp4/UCcv4F8lLdw0I4mEL0jD6juQ-score-5.mp4,,,,,,
Watch repair,https://raw.githubusercontent.com/ariel-at-brightdata/labeling/main/watch-clock-repair_channels/mp4/UCd5Lu7cduIVYW49cRRtsGSQ-score-4.mp4,,,,,,
Watch repair,https://raw.githubusercontent.com/ariel-at-brightdata/labeling/main/watch-clock-repair_channels/mp4/UCdOlnNlmQ-MSG5T0EahaluA-score-5.mp4,,,,,,
Watch repair,https://raw.githubusercontent.com/ariel-at-brightdata/labeling/main/watch-clock-repair_channels/mp4/UCdqtGXdYcklKXfRcP2YE6YQ-score-5.mp4,,,,,,
Watch repair,https://raw.githubusercontent.com/ariel-at-brightdata/labeling/main/watch-clock-repair_channels/mp4/UCeK_kVs4fDFbBC-zy-kzRbw-score-5.mp4,,,,,,
Watch repair,https://raw.githubusercontent.com/ariel-at-brightdata/labeling/main/watch-clock-repair_channels/mp4/UCeXKRBokVaHksixgs59D-gw-score-5.mp4,,,,,,
Watch repair,https://raw.githubusercontent.com/ariel-at-brightdata/labeling/main/watch-clock-repair_channels/mp4/UCeyWPMNoVIPRAGRWILb1FRQ-score-4.mp4,,,,,,
Watch repair,https://raw.githubusercontent.com/ariel-at-brightdata/labeling/main/watch-clock-repair_channels/mp4/UCfDkORoINEYUk9x6bMHtT2g-score-4.mp4,,,,,,
Watch repair,https://raw.githubusercontent.com/ariel-at-brightdata/labeling/main/watch-clock-repair_channels/mp4/UCfktOHGoNm4sk49HIOftZFQ-score-5.mp4,,,,,,
Watch repair,https://raw.githubusercontent.com/ariel-at-brightdata/labeling/main/watch-clock-repair_channels/mp4/UCg2yevKzSaQI_dNCQRcTElw-score-4.mp4,,,,,,
Watch repair,https://raw.githubusercontent.com/ariel-at-brightdata/labeling/main/watch-clock-repair_channels/mp4/UCg3H2KU1PxWZNBVRDP26ndA-score-4.mp4,,,,,,
Watch repair,https://raw.githubusercontent.com/ariel-at-brightdata/labeling/main/watch-clock-repair_channels/mp4/UCg4qv4nivMIKK-Ft-c92iYQ-score-5.mp4,,,,,,
Watch repair,https://raw.githubusercontent.com/ariel-at-brightdata/labeling/main/watch-clock-repair_channels/mp4/UCg6l94vWsFMJJm4jBopxA5A-score-5.mp4,,,,,,
Watch repair,https://raw.githubusercontent.com/ariel-at-brightdata/labeling/main/watch-clock-repair_channels/mp4/UCgVKn5MyBPLdNxDVnGT8GPg-score-5.mp4,,,,,,
Watch repair,https://raw.githubusercontent.com/ariel-at-brightdata/labeling/main/watch-clock-repair_channels/mp4/UCgXlHhIcWc79UNDY46GkVHw-score-4.mp4,,,,,,
Watch repair,https://raw.githubusercontent.com/ariel-at-brightdata/labeling/main/watch-clock-repair_channels/mp4/UCgauBHVjmcc-irYUbp0wYfw-score-5.mp4,,,,,,
Watch repair,https://raw.githubusercontent.com/ariel-at-brightdata/labeling/main/watch-clock-repair_channels/mp4/UCgehdHC7l6NGhWNqN9SeoqA-score-4.mp4,,,,,,
Watch repair,https://raw.githubusercontent.com/ariel-at-brightdata/labeling/main/watch-clock-repair_channels/mp4/UCgxSTAUCx4JbT5J0ako61Ww-score-4.mp4,,,,,,
Watch repair,https://raw.githubusercontent.com/ariel-at-brightdata/labeling/main/watch-clock-repair_channels/mp4/UCh6yqQD1P2vfGULEGqE72ng-score-5.mp4,,,,,,
Watch repair,https://raw.githubusercontent.com/ariel-at-brightdata/labeling/main/watch-clock-repair_channels/mp4/UCi7PdUkzKt5kNv8gEscfIvw-score-4.mp4,,,,,,
Watch repair,https://raw.githubusercontent.com/ariel-at-brightdata/labeling/main/watch-clock-repair_channels/mp4/UCiXIVmDBRA8hxbNwwTceq4w-score-4.mp4,,,,,,
Watch repair,https://raw.githubusercontent.com/ariel-at-brightdata/labeling/main/watch-clock-repair_channels/mp4/UCi_i17o6s4O6U96tnvRNaSQ-score-4.mp4,,,,,,
Watch repair,https://raw.githubusercontent.com/ariel-at-brightdata/labeling/main/watch-clock-repair_channels/mp4/UCiaZciELEGlEMK5570vHlKw-score-5.mp4,,,,,,
Watch repair,https://raw.githubusercontent.com/ariel-at-brightdata/labeling/main/watch-clock-repair_channels/mp4/UCjUUDQQ9mS5KBIJ35QpdWxw-score-4.mp4,,,,,,
Watch repair,https://raw.githubusercontent.com/ariel-at-brightdata/labeling/main/watch-clock-repair_channels/mp4/UCjZSXS8wB-U86rSWfJjDb9Q-score-5.mp4,,,,,,
Watch repair,https://raw.githubusercontent.com/ariel-at-brightdata/labeling/main/watch-clock-repair_channels/mp4/UCjrTSuW1uzW1bOzyDrcLgyw-score-4.mp4,,,,,,
Watch repair,https://raw.githubusercontent.com/ariel-at-brightdata/labeling/main/watch-clock-repair_channels/mp4/UCkJcDUGnzca7h_pag_bsXzw-score-4.mp4,,,,,,
Watch repair,https://raw.githubusercontent.com/ariel-at-brightdata/labeling/main/watch-clock-repair_channels/mp4/UCkZuWdkZdc-sk5jbhNqhrXA-score-4.mp4,,,,,,
Watch repair,https://raw.githubusercontent.com/ariel-at-brightdata/labeling/main/watch-clock-repair_channels/mp4/UCkbShr_1qbD_4NtEGvgsicA-score-5.mp4,,,,,,
Watch repair,https://raw.githubusercontent.com/ariel-at-brightdata/labeling/main/watch-clock-repair_channels/mp4/UCkgzX13a9nzaHznh34Wb0Cw-score-5.mp4,,,,,,
Watch repair,https://raw.githubusercontent.com/ariel-at-brightdata/labeling/main/watch-clock-repair_channels/mp4/UCl23110ZvciTKp9dXEE2H6Q-score-5.mp4,,,,,,
Watch repair,https://raw.githubusercontent.com/ariel-at-brightdata/labeling/main/watch-clock-repair_channels/mp4/UCl7zQM8bqFaOJaVm58lz3RQ-score-4.mp4,,,,,,
Watch repair,https://raw.githubusercontent.com/ariel-at-brightdata/labeling/main/watch-clock-repair_channels/mp4/UClEbeslV-RTkq6CpJpPZ1wA-score-4.mp4,,,,,,
Watch repair,https://raw.githubusercontent.com/ariel-at-brightdata/labeling/main/watch-clock-repair_channels/mp4/UClGXLPcdXbUYTLD5hSOvrIg-score-5.mp4,,,,,,
Watch repair,https://raw.githubusercontent.com/ariel-at-brightdata/labeling/main/watch-clock-repair_channels/mp4/UClKy5Fz6JkEg5awhXdJOOWw-score-4.mp4,,,,,,
Watch repair,https://raw.githubusercontent.com/ariel-at-brightdata/labeling/main/watch-clock-repair_channels/mp4/UClLjnK20s41-RhZgxzikETw-score-4.mp4,,,,,,
Watch repair,https://raw.githubusercontent.com/ariel-at-brightdata/labeling/main/watch-clock-repair_channels/mp4/UClRKJcVXB2kHrWkvlXGYdKw-score-5.mp4,,,,,,
Watch repair,https://raw.githubusercontent.com/ariel-at-brightdata/labeling/main/watch-clock-repair_channels/mp4/UClbHQESv3W2NO3Pk_HZflLQ-score-4.mp4,,,,,,
Watch repair,https://raw.githubusercontent.com/ariel-at-brightdata/labeling/main/watch-clock-repair_channels/mp4/UClfMTt47Ez5mIgap4KwZHdQ-score-4.mp4,,,,,,
Watch repair,https://raw.githubusercontent.com/ariel-at-brightdata/labeling/main/watch-clock-repair_channels/mp4/UCltvV5y6oRzjvgCaISwaIqw-score-4.mp4,,,,,,
Watch repair,https://raw.githubusercontent.com/ariel-at-brightdata/labeling/main/watch-clock-repair_channels/mp4/UCmJvMkw4yW3TFwHvlpSfDlA-score-4.mp4,,,,,,
Watch repair,https://raw.githubusercontent.com/ariel-at-brightdata/labeling/main/watch-clock-repair_channels/mp4/UCmmHTA6dD9v4sLXqFzV2Gsg-score-5.mp4,,,,,,
Watch repair,https://raw.githubusercontent.com/ariel-at-brightdata/labeling/main/watch-clock-repair_channels/mp4/UCn5_LdXrL_h7OAnRK67pqcw-score-4.mp4,,,,,,
Watch repair,https://raw.githubusercontent.com/ariel-at-brightdata/labeling/main/watch-clock-repair_channels/mp4/UCnAfT7dPliQQIvnKl4hP47g-score-5.mp4,,,,,,
Watch repair,https://raw.githubusercontent.com/ariel-at-brightdata/labeling/main/watch-clock-repair_channels/mp4/UCnc746uf13K-HI2dVJUC9vA-score-4.mp4,,,,,,
Watch repair,https://raw.githubusercontent.com/ariel-at-brightdata/labeling/main/watch-clock-repair_channels/mp4/UCnjiN1Vm4iAwxslXhrB7Y2w-score-4.mp4,,,,,,
Watch repair,https://raw.githubusercontent.com/ariel-at-brightdata/labeling/main/watch-clock-repair_channels/mp4/UCnjrdbiDLibHsUUcHmG_3Fw-score-4.mp4,,,,,,
Watch repair,https://raw.githubusercontent.com/ariel-at-brightdata/labeling/main/watch-clock-repair_channels/mp4/UCnmLCzoSAp7oxNaOh1wa3ng-score-5.mp4,,,,,,
Watch repair,https://raw.githubusercontent.com/ariel-at-brightdata/labeling/main/watch-clock-repair_channels/mp4/UCnoEXnc4axrjRr3NJX3nuvQ-score-5.mp4,,,,,,
Watch repair,https://raw.githubusercontent.com/ariel-at-brightdata/labeling/main/watch-clock-repair_channels/mp4/UCo1JGPi-yRaNTqsM8Wmp7Ig-score-4.mp4,,,,,,
Watch repair,https://raw.githubusercontent.com/ariel-at-brightdata/labeling/main/watch-clock-repair_channels/mp4/UCoMxZZueqgR2AGd1oRzJ1mA-score-4.mp4,,,,,,
Watch repair,https://raw.githubusercontent.com/ariel-at-brightdata/labeling/main/watch-clock-repair_channels/mp4/UCoO_gWE2tpov4tXCkUvqSGA-score-5.mp4,,,,,,
Watch repair,https://raw.githubusercontent.com/ariel-at-brightdata/labeling/main/watch-clock-repair_channels/mp4/UCoTGcSWh8BS5UUScWjNhSwA-score-4.mp4,,,,,,
Watch repair,https://raw.githubusercontent.com/ariel-at-brightdata/labeling/main/watch-clock-repair_channels/mp4/UCoTSuvBoEnTb2eT89JzG1yA-score-5.mp4,,,,,,
Watch repair,https://raw.githubusercontent.com/ariel-at-brightdata/labeling/main/watch-clock-repair_channels/mp4/UCoWnOoYzxWHci-QkQUrKTxg-score-4.mp4,,,,,,
Watch repair,https://raw.githubusercontent.com/ariel-at-brightdata/labeling/main/watch-clock-repair_channels/mp4/UCoXC_946AxVhDk1Muy7zzIA-score-4.mp4,,,,,,
Watch repair,https://raw.githubusercontent.com/ariel-at-brightdata/labeling/main/watch-clock-repair_channels/mp4/UColstsIwQ9JTWyW7ozVsi6Q-score-5.mp4,,,,,,
Watch repair,https://raw.githubusercontent.com/ariel-at-brightdata/labeling/main/watch-clock-repair_channels/mp4/UCon6yilSHcBiZDN575GP7-g-score-4.mp4,,,,,,
Watch repair,https://raw.githubusercontent.com/ariel-at-brightdata/labeling/main/watch-clock-repair_channels/mp4/UCpCMwK4rrhCzFLLcKjeoyGg-score-4.mp4,,,,,,
Watch repair,https://raw.githubusercontent.com/ariel-at-brightdata/labeling/main/watch-clock-repair_channels/mp4/UCpuQT_562iL4FPpgKXREz7g-score-4.mp4,,,,,,
Watch repair,https://raw.githubusercontent.com/ariel-at-brightdata/labeling/main/watch-clock-repair_channels/mp4/UCqnCeNjlcZTkvU2fV7ITz4A-score-4.mp4,,,,,,
Watch repair,https://raw.githubusercontent.com/ariel-at-brightdata/labeling/main/watch-clock-repair_channels/mp4/UCqq65NArFSuB3ksaJEfwdpQ-score-4.mp4,,,,,,
Watch repair,https://raw.githubusercontent.com/ariel-at-brightdata/labeling/main/watch-clock-repair_channels/mp4/UCqrqq_LYd7KOL7rqXz4bo7Q-score-5.mp4,,,,,,
Watch repair,https://raw.githubusercontent.com/ariel-at-brightdata/labeling/main/watch-clock-repair_channels/mp4/UCr-QMEH-DNloXJL8BHWxpkQ-score-4.mp4,,,,,,
Watch repair,https://raw.githubusercontent.com/ariel-at-brightdata/labeling/main/watch-clock-repair_channels/mp4/UCrAVX7NnQeExhBBR86EdHLQ-score-5.mp4,,,,,,
Watch repair,https://raw.githubusercontent.com/ariel-at-brightdata/labeling/main/watch-clock-repair_channels/mp4/UCrz0Jj03nmXP9opijc7_B_A-score-5.mp4,,,,,,
Watch repair,https://raw.githubusercontent.com/ariel-at-brightdata/labeling/main/watch-clock-repair_channels/mp4/UCsBdXVqfV_fQ-LnAaqvDgYg-score-5.mp4,,,,,,
Watch repair,https://raw.githubusercontent.com/ariel-at-brightdata/labeling/main/watch-clock-repair_channels/mp4/UCsVHUHIK1Tvzf63fstkUTPA-score-5.mp4,,,,,,
Watch repair,https://raw.githubusercontent.com/ariel-at-brightdata/labeling/main/watch-clock-repair_channels/mp4/UCsvWp-5OGx4sYTWZH8_7POQ-score-4.mp4,,,,,,
Watch repair,https://raw.githubusercontent.com/ariel-at-brightdata/labeling/main/watch-clock-repair_channels/mp4/UCt1OFCJKgOkFp5sxh9c5twA-score-4.mp4,,,,,,
Watch repair,https://raw.githubusercontent.com/ariel-at-brightdata/labeling/main/watch-clock-repair_channels/mp4/UCt2PjT0vvevNZiWPgQjRnig-score-4.mp4,,,,,,
Watch repair,https://raw.githubusercontent.com/ariel-at-brightdata/labeling/main/watch-clock-repair_channels/mp4/UCt7utqcaBaw2UbwmShaWrjA-score-4.mp4,,,,,,
Watch repair,https://raw.githubusercontent.com/ariel-at-brightdata/labeling/main/watch-clock-repair_channels/mp4/UCt90McJvB4pka2GkL23As3A-score-4.mp4,,,,,,
Watch repair,https://raw.githubusercontent.com/ariel-at-brightdata/labeling/main/watch-clock-repair_channels/mp4/UCtWmEH1jwlmSRgX7NNOEczA-score-5.mp4,,,,,,
Watch repair,https://raw.githubusercontent.com/ariel-at-brightdata/labeling/main/watch-clock-repair_channels/mp4/UCu4sBU64l8ZzBZ7mY4w7rEQ-score-5.mp4,,,,,,
Watch repair,https://raw.githubusercontent.com/ariel-at-brightdata/labeling/main/watch-clock-repair_channels/mp4/UCuEX_9dFiIsIsaFUPHu4EeQ-score-4.mp4,,,,,,
Watch repair,https://raw.githubusercontent.com/ariel-at-brightdata/labeling/main/watch-clock-repair_channels/mp4/UCuFI2mth7gvmTfuIzuju04w-score-4.mp4,,,,,,
Watch repair,https://raw.githubusercontent.com/ariel-at-brightdata/labeling/main/watch-clock-repair_channels/mp4/UCuii1TkN_cluZLVMMPAynHg-score-5.mp4,,,,,,
Watch repair,https://raw.githubusercontent.com/ariel-at-brightdata/labeling/main/watch-clock-repair_channels/mp4/UCv1HcElDwQjWPud31tNte_Q-score-4.mp4,,,,,,
Watch repair,https://raw.githubusercontent.com/ariel-at-brightdata/labeling/main/watch-clock-repair_channels/mp4/UCvA2KT_vN2kiZF33_DjIxqA-score-4.mp4,,,,,,
Watch repair,https://raw.githubusercontent.com/ariel-at-brightdata/labeling/main/watch-clock-repair_channels/mp4/UCvGWTEDz9exPvZCPGsttZcw-score-4.mp4,,,,,,
Watch repair,https://raw.githubusercontent.com/ariel-at-brightdata/labeling/main/watch-clock-repair_channels/mp4/UCvRvqtReDr2JfHyZzOlTNxg-score-4.mp4,,,,,,
Watch repair,https://raw.githubusercontent.com/ariel-at-brightdata/labeling/main/watch-clock-repair_channels/mp4/UCvT9fEoAv1we2-fUxViaL4w-score-4.mp4,,,,,,
Watch repair,https://raw.githubusercontent.com/ariel-at-brightdata/labeling/main/watch-clock-repair_channels/mp4/UCvXf9dtIrqx2sk6_ACIZdgg-score-4.mp4,,,,,,
Watch repair,https://raw.githubusercontent.com/ariel-at-brightdata/labeling/main/watch-clock-repair_channels/mp4/UCvYdh0ITL1KyPMmHD84kwXw-score-5.mp4,,,,,,
Watch repair,https://raw.githubusercontent.com/ariel-at-brightdata/labeling/main/watch-clock-repair_channels/mp4/UCvhp8ZqXfeWO3u5V2ftnVvw-score-5.mp4,,,,,,
Watch repair,https://raw.githubusercontent.com/ariel-at-brightdata/labeling/main/watch-clock-repair_channels/mp4/UCwDjUacYAg8v_2eHk2-1tWQ-score-4.mp4,,,,,,
Watch repair,https://raw.githubusercontent.com/ariel-at-brightdata/labeling/main/watch-clock-repair_channels/mp4/UCw_LpkxlMyOF063wDh-6c_A-score-4.mp4,,,,,,
Watch repair,https://raw.githubusercontent.com/ariel-at-brightdata/labeling/main/watch-clock-repair_channels/mp4/UCw_rIINOeCItnJntQ2TM5lA-score-4.mp4,,,,,,
Watch repair,https://raw.githubusercontent.com/ariel-at-brightdata/labeling/main/watch-clock-repair_channels/mp4/UCwgDeHdBhrRGk1WqlvTdkcw-score-4.mp4,,,,,,
Watch repair,https://raw.githubusercontent.com/ariel-at-brightdata/labeling/main/watch-clock-repair_channels/mp4/UCworsKCR-Sx6R6-BnIjS2MA-score-5.mp4,,,,,,
Watch repair,https://raw.githubusercontent.com/ariel-at-brightdata/labeling/main/watch-clock-repair_channels/mp4/UCx-o6X2tMjvhLtr_GlS8qWQ-score-5.mp4,,,,,,
Watch repair,https://raw.githubusercontent.com/ariel-at-brightdata/labeling/main/watch-clock-repair_channels/mp4/UCx6gG1mrYuyoEKC0miaqQew-score-4.mp4,,,,,,
Watch repair,https://raw.githubusercontent.com/ariel-at-brightdata/labeling/main/watch-clock-repair_channels/mp4/UCxeyfoAiceUaDWHznH7pcYQ-score-4.mp4,,,,,,
Watch repair,https://raw.githubusercontent.com/ariel-at-brightdata/labeling/main/watch-clock-repair_channels/mp4/UCxf5oJ-JnWbreFO3dq4pTDA-score-4.mp4,,,,,,
Watch repair,https://raw.githubusercontent.com/ariel-at-brightdata/labeling/main/watch-clock-repair_channels/mp4/UCxxh5bYLfPdTtgBax_UyvdA-score-4.mp4,,,,,,
Watch repair,https://raw.githubusercontent.com/ariel-at-brightdata/labeling/main/watch-clock-repair_channels/mp4/UCxy-l7o4FSdLmL5G316SzMA-score-4.mp4,,,,,,
Watch repair,https://raw.githubusercontent.com/ariel-at-brightdata/labeling/main/watch-clock-repair_channels/mp4/UCxyyF0KdLOYQtjDjJN7Q27Q-score-5.mp4,,,,,,
Watch repair,https://raw.githubusercontent.com/ariel-at-brightdata/labeling/main/watch-clock-repair_channels/mp4/UCxzOZyDPg05JBLYm4-1f_jA-score-5.mp4,,,,,,
Watch repair,https://raw.githubusercontent.com/ariel-at-brightdata/labeling/main/watch-clock-repair_channels/mp4/UCxzVaDtU1lGQhgel0QZcTRQ-score-4.mp4,,,,,,
Watch repair,https://raw.githubusercontent.com/ariel-at-brightdata/labeling/main/watch-clock-repair_channels/mp4/UCy-oHIM8ngHjFG0APng08kw-score-4.mp4,,,,,,
Watch repair,https://raw.githubusercontent.com/ariel-at-brightdata/labeling/main/watch-clock-repair_channels/mp4/UCyMVTLc9QTiQ7oV1Dhbxp8g-score-4.mp4,,,,,,
Watch repair,https://raw.githubusercontent.com/ariel-at-brightdata/labeling/main/watch-clock-repair_channels/mp4/UCyWppj1qfd64CpunOlb6Oyg-score-4.mp4,,,,,,
Watch repair,https://raw.githubusercontent.com/ariel-at-brightdata/labeling/main/watch-clock-repair_channels/mp4/UCyaxY8wwug2uyajEFN1uktg-score-4.mp4,,,,,,
Watch repair,https://raw.githubusercontent.com/ariel-at-brightdata/labeling/main/watch-clock-repair_channels/mp4/UCyxfpvBD2gXW0DivacaZmkg-score-4.mp4,,,,,,
Watch repair,https://raw.githubusercontent.com/ariel-at-brightdata/labeling/main/watch-clock-repair_channels/mp4/UCz0fmqaKTZaJr7sXSmgodgA-score-4.mp4,,,,,,
Watch repair,https://raw.githubusercontent.com/ariel-at-brightdata/labeling/main/watch-clock-repair_channels/mp4/UCz5Oj2CYlSiBdzTtkF59BNg-score-4.mp4,,,,,,
Watch repair,https://raw.githubusercontent.com/ariel-at-brightdata/labeling/main/watch-clock-repair_channels/mp4/UCzjAcTfD9LlUAhRfbV8OtzQ-score-5.mp4,,,,,,
