url,handle,name,subscribers,videos_count,score_0_5,reason,discovery_keywords,channel_id,vertical,topic,stage,scored_at,source,live_videos_count,also_scored_in
https://www.youtube.com/@%eb%b3%b5%ec%82%ac%ea%b8%b0119,@%EB%B3%B5%EC%82%AC%EA%B8%B0119,복사기119,579,91,5,Channel explicitly shares copier and printer repair content ('복사기 및 프린터 수리내용을 공유').,프린터 수리,UC6YGYJ6sVN9wrnSmA47bB1Q,hands,printer-repair,wave4,2026-09-15,scraper,91,
https://www.youtube.com/@303electronics,@303electronics,303 Electronics,42200,516,5,Dedicated tutorial channel on replacing parts and repairing inkjet and laser printers.,printhead cleaning | printer roller replacement | printer paper jam repair | electronics repair,UCz_UjaMQKDrVEW0b_Vm8cCQ,hands,printer-repair,wave4,2026-09-15,scraper,516,tv-power-electronics-repair:1
https://www.youtube.com/@aleks_59-63,@aleks_59-63,Александр Артошин Сам Себе Мастер,1850,89,5,"Dedicated channel on refilling cartridges and repairing printers, MFPs, copiers with various fault videos.",ремонт МФУ,UCEeZVeZL0QOKSAwvH5g2fzQ,hands,printer-repair,wave1,2026-09-15,scraper,89,
https://www.youtube.com/@arekoddrukarek,@ArekOdDrukarek,ArekOdDrukarek,24100,1342,5,"Dedicated printer repair channel run by owner of PRINTWORLD, name explicitly signals printer service passion.",naprawa drukarek,UC_T5nQWYqo06eJsOm3ABENg,hands,printer-repair,wave4,2026-09-15,scraper,1342,
https://www.youtube.com/@bilalsworkshopksa,@BilalsWorkshopKSA,Bilal's Workshop KSA,20800,369,5,"IT technician channel with titles showing real printhead cleaning, error fixes for Epson/Canon/HP.",CISS installation printer,UCCRCniUQwJlS9P2tfoTBmZg,hands,printer-repair,wave1,2026-09-15,scraper,369,
https://www.youtube.com/@copierrepair,@copierrepair,Repair of copiers with RIV. My experience for you!,821,278,5,"Dedicated copier repairman channel sharing personal repair and maintenance experience across brands, mainly Konica Minolta.",copier repair | printer roller replacement,UCACrxaaf7dskDoGfkeIoeZw,hands,printer-repair,wave1,2026-09-15,scraper,278,
https://www.youtube.com/@egemak,@egemak,EGEMAK Printhead Onarım,149,96,5,"Dedicated printhead repair technician for Epson/HP plotters and UV/eco-solvent machines, real hands-on service.",plotter repair | printhead cleaning | yazıcı tamiri | Drucker reparieren,UCqJkrlA5iWHqeERqSM4yJ4g,hands,printer-repair,wave1,2026-09-15,scraper,96,
https://www.youtube.com/@fixyourdesignjet,@FixYourDesignJet,FixYourDesignJet,1620,50,5,"Dedicated channel to fixing DesignJet plotters, exactly matching plotter repair topic.",plotter repair,UCiyD3mpGGYSTnLMLbLauGCg,hands,printer-repair,wave1,2026-09-15,scraper,50,
https://www.youtube.com/@masterprinterlab0410,@MasterPrinterLab0410,Master Printer Lab,724,56,5,Dedicated printer repair lab covering mechanical repair and mainboard diagnostics for HP/Canon/Brother.,sửa máy in,UCGYKMFQRkPJzQ2tq8WTIRbg,hands,printer-repair,wave1,2026-09-15,scraper,56,
https://www.youtube.com/@paraimpressoras,@paraimpressoras,Pará Impressoras,3270,178,5,Dedicated printer repair and maintenance channel emphasizing real bench diagnostics and hands-on work.,manutenção de impressora,UCywuNEoDVYgJ-C7T2CwcfkA,hands,printer-repair,wave1,2026-09-15,scraper,178,
https://www.youtube.com/@phamngochoangiaoviendaynghe,@phamngochoangiaoviendaynghe, ĐÀO TẠO NGHỀ SỬA CHỮA MÁY PHOTO,4650,449,5,Vietnamese training channel dedicated to becoming a photocopier repair expert.,sửa máy in,UCq_G-3yEjJ1igD7lmf6XoOQ,hands,printer-repair,trial100,2026-09-15,scraper,449,
https://www.youtube.com/@photocopiersolution007,@photocopiersolution007,Photocopier Solution,3670,216,5,Dedicated photocopier repair channel posting real repair/servicing videos across multiple brands.,photocopier repair | Drucker reparieren,UC7BfTy3d6xUVZKTsl71JN_Q,hands,printer-repair,wave1,2026-09-15,scraper,216,
https://www.youtube.com/@plotter_bel,@plotter_bel,Плоттер.Бел,174,214,5,Dedicated plotter repair channel specializing in HP Designjet plotter servicing.,ремонт принтеров,UCEyGMOxZmb-_w5Gcrdu6YPA,hands,printer-repair,wave1,2026-09-15,scraper,214,
https://www.youtube.com/@pochinyaem,@pochinyaem,"Лудим, паяем, принтер починяем",217,57,5,"Dedicated private channel about printer and MFU repair by a named technician, core topic fit.",conserto de impressora | ремонт принтеров | ремонт МФУ,UCgo-fAx_oOsD_PdX0BDoZVw,hands,printer-repair,wave1,2026-09-15,scraper,57,
https://www.youtube.com/@printer-ok,@Printer-ok,ПринтерОК,422,90,5,Dedicated channel about printer and copier repair with instructions and practical repair work.,ремонт принтеров | ремонт МФУ,UCh8aZPlFAk6LylG-aYJZUuw,hands,printer-repair,wave1,2026-09-15,scraper,90,
https://www.youtube.com/@printer_remont,@Printer_remont,Сергій,3990,105,5,Dedicated amateur printer repair channel recording repair tricks and troubleshooting hands-on.,ремонт принтеров | ремонт МФУ,UC8VVndsLAbpv6MLcsLKDaQg,hands,printer-repair,wave1,2026-09-15,scraper,105,
https://www.youtube.com/@printertechnologies,@Printertechnologies,@Printer Technologies.,2320,489,5,Dedicated printer repair channel with titles showing real inkjet/laser/dot-matrix fault fixes and error resolution.,printer repair tagalog,UC-CNwjS54-Jsmn3YnNERq2w,hands,printer-repair,wave1,2026-09-15,scraper,489,
https://www.youtube.com/@printworld-u2r7x,@printworld-u2r7x,print world ,31,65,5,"Titles show specific hands-on repair jobs like ink pad reset, scanner cable, logic card fixes across brands.",Epson printer repair,UCQfSM54Lf7TcFJgynrcI9sQ,hands,printer-repair,wave4,2026-09-15,scraper,65,
https://www.youtube.com/@reparamosricohbyfelipebernal,@REPARAMOSRICOHbyFelipeBernal,REPARAMOS RICOH by Felipe Bernal,474,67,5,Dedicated Ricoh copier repair channel by official distributor/technician sharing real repair cases and tutorials weekly.,técnico de impresoras,UCDZQ7Dv39d3r-SqbjXJWkTw,hands,printer-repair,wave1,2026-09-15,scraper,67,
https://www.youtube.com/@ricohvai,@RICOHVAI,RICOH VAI,138,129,5,"Dedicated Ricoh printer servicing channel with step-by-step repair, error codes and part replacement videos.",printer technician | copier repair,UCkAueFg0dKAl2-QzZ1t_64w,hands,printer-repair,wave1,2026-09-15,scraper,129,
https://www.youtube.com/@shahidphotocopier,@shahidphotocopier,Shahid Photocopier,655,93,5,"Photocopier repair shop channel teaching faults, errors and fixes for photocopiers and printers.",photocopier repair,UCcJjPRos3HX5VLrhLIk7YLw,hands,printer-repair,wave1,2026-09-15,scraper,93,
https://www.youtube.com/@systecno,@SYSTecno,SYS Tecno,6570,274,5,"Specialized Ricoh copier repair channel detailing SC error fixes, fuser, roller and service mode procedures.",reparación de impresoras | técnico de impresoras,UCTTmeg3-wU0edi1JxGSZG7Q,hands,printer-repair,wave1,2026-09-15,scraper,274,
https://www.youtube.com/@technicaldev19,@technicaldev19,technical Dev,9640,270,5,Dedicated photocopier service channel covering Canon and Kyocera machine repairs with model-specific videos.,copier repair | photocopier repair | fuser unit replacement,UCcUUwVzVg6J2luUJdkJ8XkQ,hands,printer-repair,trial100,2026-09-15,scraper,270,
https://www.youtube.com/@technicalglenntv,@TechnicalGlennTv,Technical Glenn Tv,3530,87,5,"Photocopier troubleshooting, parts replacement, restorations and repair DIY explicitly listed as content.",printer technician | printer repair tagalog,UC54lwtwF2IXNv3ngx76D3Gw,hands,printer-repair,wave1,2026-09-15,scraper,87,
https://www.youtube.com/@temooranwar5357,@temooranwar5357,Temoor Anwar,2230,90,5,Channel explicitly dedicated to photocopier and printer repair videos.,photocopier repair,UCrcoFJQLArogdTY8MK8uRKg,hands,printer-repair,wave1,2026-09-15,scraper,90,
https://www.youtube.com/@tukanprint,@TukanPrint,TukanPrint - Twoje źródło wiedzy o drukarce,2720,632,5,"Dedicated printer repair channel with titles showing paper jam fixes, error codes, drum/toner replacement across brands.",naprawa drukarek,UCcHi3EbGYTCdZcQ6kUirklg,hands,printer-repair,wave4,2026-09-15,scraper,632,
https://www.youtube.com/@tutorialserviceprinter,@TutorialServicePrinter,Tutorial Service Printer,2850,270,5,"Indonesian channel with structured printer service course from basics, step-by-step bench sessions.",servis printer,UC0Jf0TnT2cLkqiRj83j458g,hands,printer-repair,trial100,2026-09-15,scraper,270,
https://www.youtube.com/@ventas25-s9m,@Ventas25-s9m,Servicios y fotocopiadoras ,21,55,5,"Titles show real bizhub/Canon copier fault diagnosis, error fixes and maintenance with parts replacement documented.",reparación de fotocopiadoras,UCYP_LDi9oH4ZWWUSoIaAQZw,hands,printer-repair,wave4,2026-09-15,scraper,55,
https://www.youtube.com/@bgacopierlab,@bgacopierlab,Copier Board Repair,1870,113,5,"Dedicated board-level repair lab for printers, copiers and plotters with detailed BGA/controller repair scope.",photocopier repair | plotter repair | Epson printer repair | Kyocera copier repair | Xerox machine repair | copier repair,UCnrZj2jv-5DkONRgAU81Rog,hands,printer-repair,wave4,2026-09-15,both,113,tv-power-electronics-repair:2
https://www.youtube.com/@cirujanodeimpresoras,@cirujanodeimpresoras,Cirujano de Impresoras,4820,224,5,"Dedicated printer repair technician channel covering Epson, Canon, Brother, HP fixes and resets.",reparación de impresoras | técnico de impresoras,UCj6OkfrdgcKMzsOaDivQ5qQ,hands,printer-repair,trial100,2026-09-15,both,224,
https://www.youtube.com/@ghanitrader5396,@ghanitrader5396,Ghani Trader,16000,161,5,"Dedicated photocopier/printer repair channel with step-by-step tutorials on major brands like Bizhub, Ricoh, Xerox.",copier repair | printer repair | printer repairing,UChtpw3c3Uh_jEB9mDCi_cpg,hands,printer-repair,wave1,2026-09-15,both,161,
https://www.youtube.com/@lakhoteankit,@Lakhoteankit,Xerox canon pcb reapiring center ,760,66,5,"PCB/board repair center for Xerox, Canon, Kyocera copiers with clear technical repair focus.",photocopier repair | copier repair,UCFTz0cu_z2BzCA9ndrc2KOA,hands,printer-repair,wave1,2026-09-15,both,66,
https://www.youtube.com/@mantenimientoimpresoras,@mantenimientoimpresoras,Mantenimiento Impresoras,54200,600,5,Dedicated printer maintenance/repair channel covering multiple brands and print technologies with claimed 10+ years experience.,reparación de impresoras | técnico de impresoras,UCWimTDjbprgUu2iTs2sCKww,hands,printer-repair,wave1,2026-09-15,both,600,
https://www.youtube.com/@maxtec36,@maxtec36,MaxTec,518,350,5,"Electronics technician channel dedicated to printer maintenance, showing daily bench procedures and tips.",técnico de impresoras | manutenção de impressora | manutenção de impressoras,UCMfCWMgval0irgFlOrX7RUg,hands,printer-repair,wave1,2026-09-15,both,350,
https://www.youtube.com/@mrbonz00,@mrbonz00,"Hadley Hudson aka ""The copydoc""",5290,65,5,Experienced copier technician channel with weekly Toshiba/Ricoh copier repair videos on camera.,photocopier repair | fuser unit replacement | copier repair,UCIEhRThOzvKI-fr9tOUg_HA,hands,printer-repair,wave1,2026-09-15,both,65,
https://www.youtube.com/@mrricoh,@MrRicoh,COPY-EXPERT by Tomasz Jemiołek,229000,2151,5,Dedicated copier/printer repair channel emphasizing real diagnostics and practical service procedures.,fuser unit replacement | printer roller replacement | printer repair,UCOHtXTtGHj33pUm8Gf2FH3A,hands,printer-repair,wave1,2026-09-15,both,2151,
https://www.youtube.com/@nuwanacomputerhouse408,@nuwanacomputerhouse408,Nuwana Computer House,479,60,5,Dedicated photocopier repair channel with step-by-step fixing guides and error code solutions for Xerox/Toshiba.,copier repair | photocopier repair,UCu6ql02EgdXL0MXNIfK6s9A,hands,printer-repair,wave1,2026-09-15,both,60,
https://www.youtube.com/@photocopier1,@photocopier1,Photo Copier A to Z,187,76,5,"Photocopier and printer technician teaching faults and solutions across major brands, dedicated repair channel.",printer technician,UCsTY1NWSiyT8mTLX8FKZlqA,hands,printer-repair,wave1,2026-09-15,both,76,
https://www.youtube.com/@printer-expert,@PRINTER-EXPERT,Endriuf,1270,720,5,"20-year printer repair channel with titles showing disassembly, paper jam fixes and resetters.",printer repair | printer repairing | printer service,UCp1HCrdyiIkavOgSfyPh_Ig,hands,printer-repair,trial100,2026-09-15,both,720,
https://www.youtube.com/@printersam,@PrinterSam,PrinterSam,2980,156,5,"Printer/MFP repair technician channel focused on service techniques, refilling and hands-on troubleshooting.",ремонт принтеров | ремонт МФУ | printer service,UC2YulD7mxnhypjP3Wsr-mRw,hands,printer-repair,wave1,2026-09-15,both,156,
https://www.youtube.com/@printersupport.,@PrinterSupport.,Aps Printer Service ,52400,3133,5,"Printer service shop with titles showing printhead cleaning, ink pump replacement and paper jam fixes.",printer repair | printer repairing | printer service | printer repair Urdu | servis printer | printer repair tagalog | Drucker reparieren,UC0Cc2H_xDhXGA4OFr0i8-tA,hands,printer-repair,trial100,2026-09-15,both,3133,
https://www.youtube.com/@printertechglobal9444,@printertechglobal9444,Printer tech Global,5140,60,5,"Daily uploads on printer repair and maintenance services, dedicated repair channel.",photocopier repair | printer repair,UClAmS8wgqw4m9jY26PFEMjA,hands,printer-repair,wave1,2026-09-15,both,60,
https://www.youtube.com/@shetnevdima,@shetnevdima,Дмитрий Щетнев,45800,545,5,"Russian channel dedicated to printer and MFU repair, firmware and cartridge refilling with video instructions.",ремонт принтеров | ремонт МФУ,UCbeLtJ4BSCst2HMzLWtTVOw,hands,printer-repair,trial100,2026-09-15,both,545,
https://www.youtube.com/@sinutronixindustries,@sinutronixindustries,SINUTRONIX INDUSTRIES Łukasz Kobos,7640,5187,5,"Titles show real printer repairs: fuser replacement, roller cleaning, error code fixes on Brother/Samsung printers step by step.",naprawa laptopa,UCCUNHEOcrtwG5igRrzuGe2g,hands,printer-repair,wave4,2026-09-15,pool,5187,laptop-computer-repair:2
https://www.youtube.com/@blacktechbd,@blacktechbd,BLACK Tech BD,1,345,5,Dedicated Epson printer and scanner service tutorial channel focused on hands-on repair experience.,printer service,UCzyaQPuVzeugHrs2Ei9dEdA,hands,printer-repair,wave1,2026-09-15,filter,345,
https://www.youtube.com/channel/ucqqwagfp_-afzxx4bb3rilq,@chandankumaroffical11,GUPTA COMPUTER ,328,79,5,"Dedicated printer service centre with titles showing hands-on belt repair, roller fixes and Epson error troubleshooting.",printer service,UCQqwaGfp_-AfzxX4bb3rILQ,hands,printer-repair,wave1,2026-09-15,filter,84,
https://www.youtube.com/@hieptinphat,@hieptinphat,Hiep Tin Phat - Printer and Ink Repair,15900,1041,5,"Dedicated photocopier, printer and ink refill repair channel with 20 years experience sharing disassembly and repair techniques.",printer repair,UC3fzwi72t2VCojLUU1xjpuA,hands,printer-repair,wave1,2026-09-15,filter,1041,
https://www.youtube.com/@michaelkosharsky,@MichaelKosharsky,Michael Kosharsky IL,796,80,5,"Dedicated printer repair channel with Brother maintenance mode, toner reset and fuser service titles.",ремонт принтеров,UCZLgrXrJYD_QBWBlJiun76g,hands,printer-repair,wave1,2026-09-15,filter,80,
https://www.youtube.com/@printersurgeon,@PrinterSurgeon,Printer Surgeon,3070,308,5,"Dedicated laser printer repair channel covering fault-finding, fuser units, sensors and hardware replacement hands-on.",printer repair | fuser unit,UCvUb95pd0OQ5vTLqcVgPORQ,hands,printer-repair,wave1,2026-09-15,filter,311,
https://www.youtube.com/@acetechandtraders,@AceTechAndTraders,Ace Tech And Traders,9980,187,4,"Photocopier and printer repair channel listing service areas and brands, plainly a repair technician channel.",copier repair | photocopier repair,UCDxUYk3Uv0C_laQzO_g1aZw,hands,printer-repair,wave1,2026-09-15,scraper,187,
https://www.youtube.com/@adalprintservice,@AdalPrintService,Adal “Print Service”,308,82,4,"Russian channel describing step-by-step printer repair videos, cartridge refilling and error troubleshooting.",ремонт принтеров,UCsoOaOsSnoLlqwZr5tVqSWw,hands,printer-repair,trial100,2026-09-15,scraper,82,
https://www.youtube.com/@adbburomakineleri,@ADBBuroMakineleri,ADB BÜRO MAKİNELERİ,9460,350,4,"Technical service firm channel covering photocopier, fax and printer repair with fault-focused videos.",yazıcı tamiri,UCGFi6fajvjHTD17iX6FR9GA,hands,printer-repair,wave1,2026-09-15,scraper,350,
https://www.youtube.com/@adri_copytech,@adri_copytech,El Técnico de la Impresora,331,61,4,"Dedicated copier/printer channel focused on Ricoh tips, tricks and device advice.",reparación de impresoras | técnico de impresoras,UCEnNjZwdpB1cekal8CpHFVw,hands,printer-repair,wave3,2026-09-15,scraper,61,
https://www.youtube.com/@afandiprinter4325,@afandiprinter4325,AFANDI PRINTER,283,68,4,Printer specialist channel name suggesting dedicated repair/solution service work.,CISS installation printer,UCMPN8CtG04YAQO1KosTBYIA,hands,printer-repair,wave1,2026-09-15,scraper,68,
https://www.youtube.com/@ajayprintercg,@Ajayprintercg,Ajay printer cg,480,69,4,"Dedicated printer repairing channel per description, teaching printer repair skills.",printer roller replacement,UCDox8eVmWBdqR5Xr397blkQ,hands,printer-repair,wave1,2026-09-15,scraper,69,
https://www.youtube.com/@akashdas-uz6pl,@AkashDas-uz6pl,Good Luck Computers,314,50,4,"Short but direct bio naming printer, computer, laptop repairing as core channel content.",printer repair Bangla | printer paper jam repair,UCyXc8DSvfE9Bsfd5zQca__g,hands,printer-repair,wave4,2026-09-15,scraper,50,laptop-computer-repair:3
https://www.youtube.com/@akkas.toshiba,@akkas.toshiba,Md Akkas Ali,1120,152,4,Toshiba/Canon photocopier service technician sharing repair tutorials and experiences.,printer repair Bangla,UCz769T16FjIeSe0jMwxCWSA,hands,printer-repair,wave1,2026-09-15,scraper,152,
https://www.youtube.com/@akp088,@akp088,SUPPORT PHOTOCOPIER AND PRINTERS ,1700,86,4,"Photocopier and printer support channel aiming to give correct info, thin but on-topic bio.",Kyocera copier repair,UCNVQ3aG8XMwxmYk0-zG7n3g,hands,printer-repair,wave4,2026-09-15,scraper,86,
https://www.youtube.com/@all.printerzone,@all.printerzone,Jeevan Enterprises All printer zone,2700,496,4,Dedicated all-printer repair channel name and description signal focused printer servicing content.,Epson printer repair,UCrYP2rz1M_nXc4F3vxDsp-Q,hands,printer-repair,wave4,2026-09-15,scraper,496,
https://www.youtube.com/@alsafaasanter1997,@alsafaaSanter1997,مركز الصفاء لتجارة وصيانة الطابعات والأحبار ,4970,201,4,"Printer and ink trade and maintenance center, name indicates hands-on repair service.",صيانة طابعات,UCpmCnfN-9Dkkmyzuzxl521g,hands,printer-repair,wave1,2026-09-15,scraper,201,
https://www.youtube.com/@ankitmachine,@ankitmachine,Ankit tech,1360,132,4,"Konica Minolta and Canon photocopier repair, service and installation channel with technical tips.",copier repair | photocopier repair | Drucker reparieren,UC4ZLROlZFnCBKZU_q4Tjkpg,hands,printer-repair,wave1,2026-09-15,scraper,132,
https://www.youtube.com/@arabtechnical,@arabtechnical,عرب Technical,18900,314,4,"Arabic technical channel covering plotter, printer machine repair, programming and part replacement.",صيانة طابعات,UCYRzX2OdMR0EQ6qcji-4iLw,hands,printer-repair,trial100,2026-09-15,scraper,314,
https://www.youtube.com/@aryujazzsuperprint,@aryujazzsuperprint,SERVICE PRINTER PANGGILAN,17,55,4,"Doorstep printer service business for all brands, plain repair-trade channel with thin description.",servis printer,UCpINUuSiRjEh-0777TCjLpw,hands,printer-repair,wave1,2026-09-15,scraper,55,
https://www.youtube.com/@ayanshenterprises.945,@AYANSHENTERPRISES.945,AYANSH ENTERPRISES,93,93,4,"A-to-Z printer repairing services listing Epson, HP, Canon repairs and toner refilling with contact info.",Epson printer repair | Brother printer repair,UC5-traQpOkKfE-52qwQQtyg,hands,printer-repair,wave4,2026-09-15,scraper,93,
https://www.youtube.com/@balajicomputer-d7m,@BalajiComputer-d7m,Balaji Computer1712,130,132,4,Titles show real hands-on printer fixes like noise problems and scanner errors across brands.,printer repairing,UCsIF6AigifbhUvgWvn3EXGQ,hands,printer-repair,wave1,2026-09-15,scraper,132,
https://www.youtube.com/@basis_prinn,@Basis_Prinn,Принтера Печати,169,509,4,Printer/MFU diagnostics and repair service channel with hands-on maintenance work described.,ремонт принтеров | ремонт МФУ,UCvs2co2ud16PjAhmoUNjB9w,hands,printer-repair,wave1,2026-09-15,scraper,509,
https://www.youtube.com/@basstechs371,@basstechs371,bass techs,4280,419,4,Channel dedicated to Canon photocopier technical knowledge for service engineers.,Drucker reparieren,UCxEqMsz-XBHSbexoXWI1ssA,hands,printer-repair,wave1,2026-09-15,scraper,419,
https://www.youtube.com/@belajarserviskomputer,@belajarserviskomputer,DAFA COMPUTER,2380,410,4,"Computer and printer service tutorial channel with hands-on repair focus, plus accessory sales mentioned.",dot matrix printer repair,UCXFvJIk6qIDYz7jGCyQxDxg,hands,printer-repair,wave4,2026-09-15,scraper,410,
https://www.youtube.com/@bilalkhalid,@BilalKhalid,Bilal's Workshop - Technologist and Vlogger,87200,890,4,"Titles show hands-on printhead cleaning, nozzle fixes and error fixes for Epson/Canon/HP printers.",printhead cleaning,UC5uHA4Yr61iZnxWOa5DNvmw,hands,printer-repair,wave1,2026-09-15,scraper,890,
https://www.youtube.com/@bilgimakepsonsatsveservis8817,@bilgimakepsonsatsveservis8817,BİLGİMAK EPSON satış ve servis,111,54,4,Authorized Epson printer/copier/plotter sales and service shop description fits repair topic directly.,yazıcı tamiri,UCB7cC4rKboxgzUfNkNTscDQ,hands,printer-repair,wave1,2026-09-15,scraper,54,
https://www.youtube.com/@billingprinter,@billingprinter,billing printer ,400,62,4,Billing/thermal/label printer dealer and service center showing repair and service videos.,printer repairing | printer repairing Hindi,UCr1lzB-h2Z46BfwVEoxxXCA,hands,printer-repair,wave1,2026-09-15,scraper,62,
https://www.youtube.com/@bkmultitech,@BKMULTITECH,BK MULTITECH ,227,77,4,Dedicated printer/scanner/desktop/laptop service channel with printer repair explicitly named as core offering.,Drucker reparieren | printer paper jam repair,UCtEcf4PMVrCk6S9KhhsxTcQ,hands,printer-repair,wave4,2026-09-15,scraper,77,laptop-computer-repair:3
https://www.youtube.com/@brahimbaz,@BrahimBaz,Tassili ,1020,52,4,Description explicitly focuses on printer repair and error troubleshooting.,réparation imprimante,UCh0mGqDn699LjahgQcdui2A,hands,printer-repair,wave1,2026-09-15,scraper,52,
https://www.youtube.com/@brotherepson1766,@brotherepson1766,"Brother, Epson, немного про струйные принтеры",527,126,4,Dedicated channel on short videos about inkjet printer repair and setup for Brother and Epson.,ремонт принтеров,UCvvR5P4Q6SVHHb4n-Xboc6Q,hands,printer-repair,wave1,2026-09-15,scraper,126,
https://www.youtube.com/@chandimaatechchannel2633,@chandimaatechchannel2633,chandi maa tech channel,982,516,4,"Hindi description explicitly lists color ink tank printer, photocopier and computer hardware repair videos across brands.",printer roller replacement,UCR2bzHlHXlZ5Oaoj_rJNP0Q,hands,printer-repair,wave1,2026-09-15,scraper,516,
https://www.youtube.com/@cissmarket,@CISSmarket,CISSmarket,1190,88,4,Dedicated CISS installation tutorial channel showing hands-on ink system fitting into printers.,CISS installation printer,UCDo4fqRXFI5lsyijG7KKnaQ,hands,printer-repair,wave1,2026-09-15,scraper,88,
https://www.youtube.com/@consultoriaemimpressoras,@ConsultoriaemImpressoras,Dicas e Consultoria em Impressoras,5060,130,4,Technical assistance and tips channel for HP laser printers.,manutenção de impressora,UCt3mC4Hq2ytJthgGVVyK46w,hands,printer-repair,wave1,2026-09-15,scraper,130,
https://www.youtube.com/@copiertechbd,@CopierTechBD,Copier Tech BD,231,53,4,Dedicated photocopier/printer repair channel with error code solutions and repair tutorials across major brands.,copier repair | photocopier repair | printer repair Bangla,UCD8wHGyN5_JncvEN6LKOG1g,hands,printer-repair,wave1,2026-09-15,scraper,53,
https://www.youtube.com/@ctc-technical274,@ctc-technical274,CTC-Technical,567,91,4,Channel explicitly teaches printer and computer repair with dedicated printer playlist.,Brother printer repair,UCj1727udaKB6oKi1CvO3--w,hands,printer-repair,wave4,2026-09-15,scraper,91,
https://www.youtube.com/@dan_g_printer,@Dan_G_Printer,Dan'G printer,2840,216,4,Name suggests dedicated printer channel though description is minimal (just a line ID).,dot matrix printer repair,UCjt1YZY2Q2lHOGeogGWD_qQ,hands,printer-repair,wave4,2026-09-15,scraper,216,
https://www.youtube.com/@darprinter,@DarPrinter,Dar Printer,111,50,4,"Dedicated printer repair and maintenance channel with tutorials and spare parts solutions, thin but clear evidence.",printer repair | servis printer,UCYJzfJ4kbG10PIR98CE7h1Q,hands,printer-repair,wave1,2026-09-15,scraper,50,
https://www.youtube.com/@doctorimpresora,@DoctorImpresora,Doctor Impresora,55800,122,4,"Dedicated printer channel with tutorials, service and pad-reset content, though also covers inks/downloads.",técnico de impresoras,UCCivR-Pe7b3ODP2q3B4gAoA,hands,printer-repair,wave1,2026-09-15,scraper,122,
https://www.youtube.com/@doctorofprinters,@doctorofprinters,DOCTOR OF PRINTERS,17200,105,4,Specialized technician channel for printer maintenance across all brands and models.,manutenção de impressora,UCCZXrTJCNj0bciQfSntzSNQ,hands,printer-repair,wave1,2026-09-15,scraper,105,
https://www.youtube.com/@dturlavlogstechsandplaces,@dturlavlogstechsandplaces,DTurla Vlogs (Techs and Places),822,51,4,"Tutorial channel for printers, photocopiers, computers and CCTV repair across Australia.",printer paper jam repair,UCSBYkSbGrOhWVZ_a0kGf69w,hands,printer-repair,wave4,2026-09-15,scraper,51,
https://www.youtube.com/@eng.ezzeldinabuian,@Eng.EzzeldinAbuIan,المهندس عزالدين عبد الوهاب,1490,385,4,Arabic engineer's channel describing hands-on maintenance of inkjet and laser printers among industrial machines.,صيانة طابعات,UCb1JalVx6biRLKMZ_DtgQDw,hands,printer-repair,wave3,2026-09-15,scraper,385,
https://www.youtube.com/@epsonprinters1868,@epsonprinters1868,Epson Printers,39700,175,4,"Channel dedicated to printer repairs, toner refilling and solutions, hands-on repair implied.",Epson printer repair | printer paper jam repair | waste ink pad reset repair,UCFfCNcSQoqFVcIqYRan8wkA,hands,printer-repair,wave4,2026-09-15,scraper,175,
https://www.youtube.com/@epsonprinterworld55,@Epsonprinterworld55,Epson printer world ,297,105,4,"Epson/HP printer support channel run by a technician, minimal but repair-focused description.",printer repairing,UC_FFsCXaGf69HTimtd4ioJw,hands,printer-repair,wave3,2026-09-15,scraper,105,
https://www.youtube.com/@epsontechnician,@EpsonTechnician,Monspeet,318,181,4,"Epson technician handle with call-for-service description, thin but clearly repair-focused.",Epson printer repair,UCUnZufSau4LOBndFIzwcLfw,hands,printer-repair,wave4,2026-09-15,scraper,181,
https://www.youtube.com/@epsonuz,@epsonuz,EPSON VA CANON PRINTERLAR,823,59,4,"Authorized Epson/Canon/HP service center for printers, plotters and MFUs with sales/repair focus.",printer service center,UCYVA6MAq86uvlyFcumDefrg,hands,printer-repair,wave4,2026-09-15,scraper,59,
https://www.youtube.com/@eslamko7print,@Eslamko7print,اسلام غريب,1950,74,4,"Copier and printer ink maintenance channel, thin description but names the repair trade directly.",صيانة طابعات,UCnvLD0WH15s5T-9KVMuLqFg,hands,printer-repair,wave1,2026-09-15,scraper,74,
https://www.youtube.com/@euclecioimpressoras980,@euclecioimpressoras980,Euclecio Impressoras,3940,82,4,"Printer-named channel with viewer pix-tip mentions implying real repair videos, thin but on-topic evidence.",conserto de impressora,UC5GGjP9gbYJSGQzgvTLqoGQ,hands,printer-repair,wave1,2026-09-15,scraper,82,
https://www.youtube.com/@everythingsall77,@everythingsall77,Everythings All,355,75,4,"Channel with printer repair tutorials, paper jam and sensor fixes for multiple brands, mixed with computer tips.",Epson printer repair | printer paper jam repair | service printer Epson L3110,UCBNrwMYEtGvkkPYP_kuegcA,hands,printer-repair,wave4,2026-09-15,scraper,75,laptop-computer-repair:2
https://www.youtube.com/@famhd9004,@famhd9004,FAM HD,8410,52,4,"Channel explicitly fixes printer, scanner, photocopier and fax hardware/software issues.",fuser unit replacement,UCyV9iQQ9cvOFM0hh5E20QeQ,hands,printer-repair,wave1,2026-09-15,scraper,52,
https://www.youtube.com/@fieldservicetechbusiness,@FieldServiceTechBusiness,Field Service Tech (FST),2970,103,4,"Field service technician channel focused on quick fixes, likely printer/copier service jobs.",fuser unit replacement | Drucker reparieren,UCHma1Ar85AtiKatG00ybr-g,hands,printer-repair,wave1,2026-09-15,scraper,103,
https://www.youtube.com/@fitnessboysanjeevrao7557,@fitnessboysanjeevrao7557,MY FIX PRUNTER PRO,160,67,4,"One-line description explicitly on printer and copier repair videos, tips and solutions.",printer repair,UC1tWNe7-s_u9bM7QcH54qVg,hands,printer-repair,wave1,2026-09-15,scraper,67,
https://www.youtube.com/@fixprinters,@Fixprinters,myshare,6710,188,4,"Multi-brand printer, UPS and treadmill repair/service channel with clear hands-on repair focus.",service printer Epson L3110,UCZ1_kIMpVxAD5Uvs-5dyDxQ,hands,printer-repair,wave4,2026-09-15,scraper,188,
https://www.youtube.com/@fpr%c4%b0nt%c4%b0q,@FPR%C4%B0NT%C4%B0Q,F.T,1720,107,4,Arabic-language channel dedicated to printer technology and fixing faults/problems.,printhead cleaning,UCN8fAml4I0BtbLMQ-Rr7ZbQ,hands,printer-repair,wave1,2026-09-15,scraper,107,
https://www.youtube.com/@globalprintertechnology,@GlobalPrinterTechnology,Global Printer Technology ,83,159,4,"Simple description stating printer service and repair, name matches dedicated repair channel pattern.",printer repair | printer repairing | printer service | servis printer,UCKZpi2ZyT55nGvILrgjG3BA,hands,printer-repair,wave1,2026-09-15,scraper,159,
https://www.youtube.com/@gtechservice7059,@gtechservice7059,Gtech Service,637,196,4,"Large-format printer upgrade, ecosolvent conversion and corrective maintenance technical channel.",manutenção de impressora | Drucker reparieren,UChMTcypogB6ghyHF0N3YgNQ,hands,printer-repair,wave1,2026-09-15,scraper,196,
https://www.youtube.com/@gulgenjoyment774,@gulgenjoyment774,gulg enjoyment,1400,367,4,"Photocopier machine repair channel teaching motherboard repair for beginners to advanced, hands-on focus.",Kyocera copier repair | Ricoh copier service | Xerox machine repair,UC2BKkk-OQq3mAsRswIdYcCw,hands,printer-repair,wave4,2026-09-15,scraper,367,
https://www.youtube.com/@hakimprinter,@HAKIMprinter,MF infotech printer and computer ,54,54,4,Printer and cartridge repair plus computer sales/service shop with brief but on-topic description.,printer repair | printer repairing,UCaOxNupAiYHczmKT0DstpMw,hands,printer-repair,wave1,2026-09-15,scraper,54,
https://www.youtube.com/@hamidalamgir5378,@hamidalamgir5378,Tech Tips with Hamid,170,66,4,Multi-brand copier/printer repair channel name and hashtags point to hands-on servicing work.,copier repair | photocopier repair,UCLNINAnEMoF44cUNBebJUXQ,hands,printer-repair,wave1,2026-09-15,scraper,66,
https://www.youtube.com/@hamzacopiertech,@hamzacopiertech,Hamza Copier Tech ,1030,101,4,"Photocopier and printer repair channel with step-by-step guides, error fixes and machine demos.",printer repair | printer technician | copier repair | printer roller replacement | printer repair Urdu,UCjGH35raEK133Ywz7SIT7pg,hands,printer-repair,wave1,2026-09-15,scraper,101,
https://www.youtube.com/@henrique6960,@henrique6960,José Henrique,338,70,4,"Bio names technician role in computers and printers, thin but plainly repair-oriented.",técnico de impresoras,UCYWlewVQmMZfnS28Nk9eqvQ,hands,printer-repair,wave3,2026-09-15,scraper,70,
https://www.youtube.com/@howtokh855,@howtokh855,Kheng Khan how to,4390,260,4,"Technician channel covering printer, computer, scanner and UPS repairs with hands-on fixing implied.",waste ink pad reset repair,UCG9kqi6bltXFF02k-uSqTDA,hands,printer-repair,wave4,2026-09-15,scraper,260,appliance-repair:1 | tv-power-electronics-repair:2
https://www.youtube.com/@hp8710%ec%9e%ac%ec%9e%ac%ec%a1%b0,@hp8710%EC%9E%AC%EC%9E%AC%EC%A1%B0,EFG  TV,419,497,4,Name/desc directly reference HP printer head repair with 'follow me' hands-on framing.,프린터 수리,UC3lsi6q0GxTWKN_DBGeF22g,hands,printer-repair,wave4,2026-09-15,scraper,497,
https://www.youtube.com/@info7balsas606,@info7balsas606,Info7 Balsas,541,57,4,Channel dedicated to inkjet/deskjet printer and copier maintenance and repair problems.,manutenção de impressora,UCc1RPICfNovcBy9EYobrF0Q,hands,printer-repair,wave1,2026-09-15,scraper,57,
https://www.youtube.com/@inkinfortec6487,@inkinfortec6487,Ink infor tec,815,109,4,"Printer maintenance training channel teaching office printer repair from scratch, hands-on bench focus implied.",conserto de impressora | manutenção de impressora,UClowWfFDk3I9v5pzGcKcgRQ,hands,printer-repair,wave3,2026-09-15,scraper,109,
https://www.youtube.com/@it_vostok,@it_vostok,Айтимастер312,31,55,4,"IT repair channel with real cases and instructions covering computers, printers and MFUs prominently.",ремонт принтеров | ремонт МФУ,UCP65fdc4kKvLNyUhlc2a0PA,hands,printer-repair,wave1,2026-09-15,scraper,55,
https://www.youtube.com/@itcskorearepaircenter4324,@itcskorearepaircenter4324,ITCS Korea Repair Center[아이티씨에스코리아],654,130,4,Dedicated HP PageWide and Samsung high-speed inkjet printer repair center with rental services.,프린터 수리,UC5AWEqLEoY6UMDVMo9eFafA,hands,printer-repair,wave4,2026-09-15,scraper,130,
https://www.youtube.com/@iteminc,@iteminc,iteminc,5730,107,4,"Step-by-step guides for printers, scanners and copiers across major brands, clearly repair-focused.",printer technician | fuser unit replacement | printer roller replacement,UCv8K0d9q9fAFc1blQbncvQA,hands,printer-repair,wave1,2026-09-15,scraper,107,
https://www.youtube.com/@itservicehome,@ItServiceHome,ช่างเอ็กซ์สอนซ่อมปริ้นเตอร์ คอมพิวเตอร์,134,151,4,"Channel dedicated to teaching IT and printer repair, name and description point directly at hands-on repair training.",ซ่อมปริ้นเตอร์,UC_h8DXLFj3Gm-zU_F26lzYw,hands,printer-repair,wave1,2026-09-15,scraper,151,
https://www.youtube.com/@jatin_kareer,@Jatin_kareer,Doctor Computer ,199,126,4,"Laptop, computer and printer repair channel with data recovery, repair-focused bio.",printer roller replacement,UCeGYnzfmv7HdIA1kzperY2g,hands,printer-repair,wave3,2026-09-15,scraper,126,
https://www.youtube.com/@jcalmatech,@jcalmatech,jhun calma,1280,68,4,Ricoh photocopier tutorials suggest hands-on copier service content.,fuser unit replacement,UC-xxQrrpv9zbFaslxwJBYeA,hands,printer-repair,wave1,2026-09-15,scraper,68,
https://www.youtube.com/@jphdcopiers,@JPHDCopiers,HD Copiers (Xerox Machines Technical),2430,83,4,"Xerox/copier technical channel mentioning fixing units, heater unit, duplex repairs.",Drucker reparieren,UCVKJ98yH2IHoBjebkRDBfrA,hands,printer-repair,wave1,2026-09-15,scraper,83,
https://www.youtube.com/@kajalcomputergandai,@kajalcomputergandai,KAJAL COMPUTER,3270,128,4,"Short bio naming computer, printer, laptop, CCTV repair as core service, thin but plausible bench work.",printer repairing Hindi,UC-NzZSd8ha9HGdGvUxhDwFQ,hands,printer-repair,wave4,2026-09-15,scraper,128,laptop-computer-repair:3
https://www.youtube.com/@kamleshxeroxwala143,@kamleshxeroxwala143,kamlesh xerox wala143,3790,79,4,Xerox/Canon/Konica machine repairing channel with practical repair videos and parts fitting content.,copier repair,UC4sA1niBgRZjnZ7y6Lca01Q,hands,printer-repair,wave1,2026-09-15,scraper,79,
https://www.youtube.com/@khanprinter185,@Khanprinter185,Khanprinter185,1120,273,4,Name directly indicates printer repair focus though description is minimal.,Epson printer repair | Brother printer repair | printer paper jam repair,UCRW7E2OvS12j5mJWCkfch9w,hands,printer-repair,wave4,2026-09-15,scraper,273,
https://www.youtube.com/@kythuatsuachuamayphoto-inm4075,@kythuatsuachuamayphoto-inm4075,Kỹ Thuật Sửa Chữa Máy Photo - In Màu Rioch,1750,64,4,Technical exchange channel for Ricoh photocopier/color printer repair with parts supply.,sửa máy in,UCYLlL6E250FstIX7zJHP6ow,hands,printer-repair,wave1,2026-09-15,scraper,64,
https://www.youtube.com/@lasertechservice4639,@lasertechservice4639,Lasertech service,1150,197,4,"HP printer/plotter/scanner repair and refurbishment shop, total repair solutions since 1996.",Drucker reparieren,UC0iUijluPy6PvRPpL5saw5Q,hands,printer-repair,wave1,2026-09-15,scraper,197,
https://www.youtube.com/@longphuca,@longphuca,LongPhucA,1950,119,4,"Channel dedicated to printer repair, ink refill, alongside laptop/PC and camera installation content.",sửa máy in Canon,UC95fHHsCajPx17DwU4YKcIA,hands,printer-repair,wave4,2026-09-15,scraper,119,
https://www.youtube.com/@manishrkawpl,@Manishrkawpl, AWPL fighters & Printer Repairing (skills),136,51,4,"Printer solution channel with repair skills focus, thin description but clearly repair-oriented name.",printer repairing,UCdTV2bvKKvG49gG1MDy8pEg,hands,printer-repair,wave3,2026-09-15,scraper,51,
https://www.youtube.com/@masrury,@MasRury,Mas Rury,441,113,4,"Shop channel for photocopier, laptop and printer service with thin but clear repair-trade description.",service printer Epson L3110,UCwXAAThUJ3liiiMijMQRsaw,hands,printer-repair,wave4,2026-09-15,scraper,113,
https://www.youtube.com/@masterprinters272,@masterprinters272,Master Printers Official,1440,150,4,Dedicated printer maintenance and repair channel covering multiple brands and cartridge refilling.,Epson printer repair | HP printer repair | toner cartridge refill | printer paper jam repair,UCfGPLuMAjg65c0W-gDSDdGw,hands,printer-repair,wave4,2026-09-15,scraper,150,
https://www.youtube.com/@max0ressurected,@Max0ressurected,Printer repairs,983,75,4,Educational channel about repairing various printer types and restoring them to working state.,printer repair | printer repairing | printer technician | CISS installation printer,UCnGosHUYkSEb_7tf-spg7TA,hands,printer-repair,wave1,2026-09-15,scraper,75,
https://www.youtube.com/@mayinmucinthanvu,@mayinmucinthanvu,Mua bán sửa chữa máy in phun màu tại Hà Nội,29200,297,4,Printer disassembly/repair tricks channel teaching repair trade alongside sales.,sửa máy in,UC6a-4Dhqm8JWdQrykJfSAtA,hands,printer-repair,wave1,2026-09-15,scraper,297,
https://www.youtube.com/@mayvanphong5s-vn,@Mayvanphong5S-vn,Sửa máy in 5S,115,86,4,"Vietnamese shop channel dedicated to computer, printer and copier repair plus ink refills.",sửa máy in,UCcw_PZ32EkzLLE9MZyPgG3Q,hands,printer-repair,wave4,2026-09-15,scraper,86,laptop-computer-repair:2
https://www.youtube.com/@mechprinter,@mechprinter,Mech Printer,9700,297,4,"Focused on digital printer and xerox machine service, drum, PCR, fuser roller and belt parts explicitly named.",printer repairing Hindi | Drucker reparieren,UC_48g7kENGrDlUrzp_kOyIg,hands,printer-repair,wave1,2026-09-15,scraper,297,
https://www.youtube.com/@mediaprintchanel9757,@mediaprintchanel9757,mediaprintSemarang,742,140,4,Printer service technician channel hashtags (#serviceprinter #teknisiprinter) with WhatsApp contact indicating repair trade.,service printer Epson L3110,UCjVhPFDdOTGFdyHYjv9Fa-g,hands,printer-repair,wave4,2026-09-15,scraper,140,
https://www.youtube.com/@mianprinter,@MianPrinter,Waqar Ahmad,382,61,4,Printer repair technician and toner refiller shop owner explicitly showing mechanical printer work.,HP printer repair | printer repair shop,UC3rEz_NZ3u0COoZjvMBm2HQ,hands,printer-repair,wave4,2026-09-15,scraper,61,
https://www.youtube.com/@mjavico_rex,@mjavico_Rex,"Repara impresoras y Laptops con Mjavico “TEC""",2510,133,4,Dedicated computer and printer repair channel with anti-obsolescence repair focus.,reparación de impresoras,UCLFs2LKLFz5rkB2_XRFOIAw,hands,printer-repair,wave4,2026-09-15,scraper,133,laptop-computer-repair:3
https://www.youtube.com/@mmtechsolutions-x3q,@MMTECHSOLUTIONS-x3q,MM TECH SOLUTIONS,136,147,4,"Computer, laptop and printer repair tutorial channel with practical step-by-step guidance described.",printer repair,UC4RFu_TMy4UQUtBdOuPkFKw,hands,printer-repair,wave3,2026-09-15,scraper,147,
https://www.youtube.com/@mohammadmurad3022,@mohammadmurad3022,Copier tech,71,122,4,Named directly for copier and printer repair technology with minimal description.,copier repair,UC5-rEit9o64n5RsL_7ezecA,hands,printer-repair,wave1,2026-09-15,scraper,122,
https://www.youtube.com/@mrprintguydiy,@MrPrintGuyDIY,MrPrintGuyDIY,9410,278,4,Toner refill and printer maintenance channel addressing printing error solutions on camera.,printer roller replacement,UCAIR3BAvvU4aAHHRg1EuOAg,hands,printer-repair,wave1,2026-09-15,scraper,278,
https://www.youtube.com/@mucinminhkhue,@mucinminhkhue,MÁY IN MINH KHUÊ – SỬA MÁY IN & MÁY TÍNH,744,681,4,"Printer/computer repair shop describing hands-on fixes, toner refills and component replacement.",sửa máy in,UCJHmkjJth1_cMSCA13Q_Vcw,hands,printer-repair,wave3,2026-09-15,scraper,681,
https://www.youtube.com/@mucinnamanh,@mucinnamanh,Mực In Nam Anh,149,74,4,"Ink refill and printer troubleshooting channel with specific error fixes (paper jam, faded print) mentioned.",sửa máy in Canon,UCg_42YMBuE6Bd01mi4vuEOg,hands,printer-repair,wave4,2026-09-15,scraper,74,
https://www.youtube.com/@mundodeimpresorasparati,@mundodeimpresorasparati,Mundo De Impresoras,218,88,4,Spanish-language channel explicitly about how printers work/are repaired.,plotter repair,UCevwBSJeJUpT9jCjUacdDdA,hands,printer-repair,wave1,2026-09-15,scraper,88,
https://www.youtube.com/@mundoricohmedellin,@mundoricohmedellin,MUNDO RICOH MEDELLIN,3170,201,4,"Collaborative platform dedicated to Ricoh/Xerox/Lexmark copier repair and handling, plainly a repair-focused channel.",reparación de fotocopiadoras,UC0cWsVBXspy7DMAOb2RnsHw,hands,printer-repair,wave4,2026-09-15,scraper,201,
https://www.youtube.com/@mutoprintersuganda,@mutoprintersuganda,Muto printers Uganda ,377,67,4,"Printer technician channel in Uganda, thin description but name/handle point to printery technology work.",printer technician,UChpt4xpnQDSHJg-Et8-iwAA,hands,printer-repair,wave3,2026-09-15,scraper,67,
https://www.youtube.com/@naeem.deswalitechnician,@Naeem.deswalitechnician,NAEEM COPIER EXPERT ,169,101,4,"Photocopier repair channel with error codes, maintenance and technician tips described as practical videos.",copier repair | photocopier repair,UCME7lkf52AC_82mXnUFaOJw,hands,printer-repair,wave1,2026-09-15,scraper,101,
https://www.youtube.com/@nazakatynazakt3258,@nazakatynazakt3258,NG PHOTOCOPIERS & PRINTERS TEC,4380,252,4,Printer/photocopier repair channel focused on error solutions and technical repair tips.,photocopier repair | fuser unit replacement | printer roller replacement,UCaHXCpKZrxN2iYVSVKnh-gA,hands,printer-repair,wave1,2026-09-15,scraper,252,
https://www.youtube.com/@ngocnam8579,@ngocnam8579,Ngọc Nam 8579,222,51,4,"Printer repair technician in HCMC documenting daily work, common printer errors and fixes, thin but relevant evidence.",sửa máy in Canon,UCkcxCQOOAlVWU0FqQouEP9g,hands,printer-repair,wave4,2026-09-15,scraper,51,
https://www.youtube.com/@nguyenangmien2719,@nguyenangmien2719,Nguyễn Đăng Miền,1590,1045,4,"Vietnamese channel sharing office equipment, computer and printer repair knowledge and tricks.",waste ink pad reset repair | sửa máy in Canon,UCZ8l1vx2wHeGqetbnXLYQZg,hands,printer-repair,wave4,2026-09-15,scraper,1045,
https://www.youtube.com/@nilsont%c3%a9cnico,@NilsonT%C3%A9cnico,Nilson Técnico,4650,131,4,"Name suggests dedicated printer technician channel though description is empty, thin but plausible evidence.",técnico de impresoras,UCyEuZB17HcSzW2xs5UXVlrA,hands,printer-repair,wave1,2026-09-15,scraper,131,
https://www.youtube.com/@nu%c3%b1eztecnoservice,@Nu%C3%B1ezTecnoService,Nuñez Tecno Service,6750,221,4,Epson printer specialized technical service channel with focus on printer components and info.,técnico de impresoras | Drucker reparieren,UCgVK1bMRvOOmuDsd8DS7mSw,hands,printer-repair,wave1,2026-09-15,scraper,221,
https://www.youtube.com/@oazone,@oazone,오에이존Oazone Korea,10300,1283,4,Printer/copier/CISS repair shop with explicit hashtags for printer repair and head cleaning.,프린터 수리,UCt9XKIvYRcl_USvQzv0fCzg,hands,printer-repair,wave4,2026-09-15,scraper,1283,
https://www.youtube.com/@ocaradaimpressora,@OCaradaImpressora,O Cara da Impressora,33100,415,4,Printer technician training channel aiming to teach repair skills to new technicians.,manutenção de impressora,UCTL263hwbz27oOROit_SvMA,hands,printer-repair,wave1,2026-09-15,scraper,415,
https://www.youtube.com/@ongchubommuc,@ongchubommuc,Ông chú bơm mực ,249,163,4,"Technician doing printer ink refills and repairs since 2007, plausible hands-on repair channel with thin evidence.",sửa máy in Canon,UCqUtf3RebU2mU5KXqtJpvjg,hands,printer-repair,wave4,2026-09-15,scraper,163,
https://www.youtube.com/@opontocertodasuaimpressora,@opontocertodasuaimpressora,S IMPRESSORAS,133,97,4,"Printer problem-solving channel, name and slogan point to hands-on repair focus.",manutenção de impressora,UCwH7dqVIZ2JQD7dr5X7Rqgg,hands,printer-repair,wave1,2026-09-15,scraper,97,
https://www.youtube.com/@orgtechved7836,@orgtechved7836,ORGTECH VED,562,64,4,Channel named directly for office equipment repair with minimal but clear on-topic description.,ремонт МФУ,UCd3nR5xKE5tUWC_-q7eiPyg,hands,printer-repair,wave1,2026-09-15,scraper,64,
https://www.youtube.com/@palakcomputers4748,@palakcomputers4748,pal printer parts - By palak computers,729,490,4,"Printer spare parts and repair tips channel covering rollers, fuser units and cartridge parts.",printer repairing,UCfCWtK1oE1GDkpb7hbxhY4Q,hands,printer-repair,wave1,2026-09-15,scraper,490,
https://www.youtube.com/@patelprinterexpert,@Patelprinterexpert,Patel Printer Expert 🙏🏻,9760,101,4,"Dedicated printer/computer repair channel listing troubleshooting, cleaning, maintenance and servicing topics.",Epson printer repair,UCSCr4IdmexLO85UDGtbpJcw,hands,printer-repair,wave4,2026-09-15,scraper,101,
https://www.youtube.com/@premepson,@premepson,Prem Epson Support ,36,163,4,"Epson printer engineer offering hardware repair and reset services, though some online/software support drift.",Epson printer repair | service printer Epson L3110,UC-kZSx9jbjEL0fuGGhCVAgw,hands,printer-repair,wave4,2026-09-15,scraper,163,
https://www.youtube.com/@printagain,@Printagain,Print again,72,52,4,"Channel explicitly dedicated to printer and copier repair/maintenance, thin but on-topic description.",reparación de impresoras,UCRcWKLNafRQ_852-clm4GYw,hands,printer-repair,wave1,2026-09-15,scraper,52,
https://www.youtube.com/@printcopyfix,@printcopyfix,Print Copy Fix,1750,64,4,"Dedicated printer/copier repair channel offering error fixes, toner/drum reset guides and troubleshooting content.",copier repair,UC9YWF2JI0Ubt9j32YF8z_Pw,hands,printer-repair,wave1,2026-09-15,scraper,64,
https://www.youtube.com/@printerbuy,@printerbuy,printebuy,1580,74,4,Channel name and description directly state HP/Epson/Canon inkjet printer repair work.,프린터 수리,UCV2ZpOlqjI_PGGZSAjubeLA,hands,printer-repair,wave4,2026-09-15,scraper,74,
https://www.youtube.com/@printercare-,@PrinterCare-,printercare #konicaminolta,7570,334,4,"Konica Minolta color printer technical engineer channel, plausible hands-on service focus with thin evidence.",printer roller replacement,UCvCsNvw8ZcUym_i_NZ2ZHiA,hands,printer-repair,wave1,2026-09-15,scraper,334,
https://www.youtube.com/@printerfix1,@printerfix1,PRINTER FIX,490,76,4,Dedicated printer/scanner/appliance repair channel emphasizing practical hands-on fixes.,printer repair | fuser unit replacement | printer roller replacement | yazıcı tamiri | HP printer repair | Canon printer repair | printer paper jam repair | appliance repair | home appliance repair,UCMuR7gY0QSHkHKjeQSgOfHg,hands,printer-repair,wave4,2026-09-15,scraper,76,appliance-repair:2
https://www.youtube.com/@printerhelp67,@PrinterHelp67,Printerhelp,11200,70,4,Platform offering printer maintenance courses across all models and brands.,صيانة طابعات | تعمیر پرینتر | réparation imprimante,UCldFy_c_rTmw3yBLf8NBJZg,hands,printer-repair,wave1,2026-09-15,scraper,70,
https://www.youtube.com/@printerkasupport8085,@printerkasupport8085,Printer Ka Support,1100,91,4,Printer and laptop support/disassembling channel with generic but on-topic description of troubleshooting tutorials.,printer repair | printer repairing | printer roller replacement,UCBIqKC8rBr7cS3C7-cbTBrw,hands,printer-repair,wave3,2026-09-15,scraper,91,
https://www.youtube.com/@printermaster3333,@PrinterMaster3333,Printer Master3333,20,84,4,"Channel name and description directly indicate printer repair videos, thin evidence but clear focus.",printer repair | printer repairing | Drucker reparieren,UCZZlaKdQICKZ8QUnCsLH4AQ,hands,printer-repair,wave1,2026-09-15,scraper,84,
https://www.youtube.com/@printerrepair1993,@Printerrepair1993,PRINTER REPAIR BY KENT EVANGELISTA,227,51,4,"Named printer technician channel, thin description but clearly repair-focused persona.",printer repair | printer technician | printer repairing Hindi,UCYRhy7bCX5sY7PZar5t-X0g,hands,printer-repair,trial100,2026-09-15,scraper,51,
https://www.youtube.com/@printerservicecentre61,@printerservicecentre61,MKS printer service ,29,66,4,Printer service centre channel explicitly mentioning printer repairing as core content.,servis printer | Drucker reparieren,UCrQyt3Hc-hcxdgA24QoOCsA,hands,printer-repair,wave1,2026-09-15,scraper,66,
https://www.youtube.com/@printerserviceindia,@printerserviceindia,printer service india 2 rajeev,436,155,4,"Official HP printer India channel described as repairing videos, thin evidence but clear repair focus.",printer repairing | printer service | servis printer | Drucker reparieren,UCeZUGh8y4nOZRPuAszjnRTw,hands,printer-repair,wave1,2026-09-15,scraper,155,
https://www.youtube.com/@printertechindia,@printertechindia,Printer Tech Support,5650,197,4,"Konica Minolta troubleshooting and optimization tips channel, technician-focused content.",fuser unit replacement | printer roller replacement,UCUaPC3TbbrMw-taxWcKJgng,hands,printer-repair,wave1,2026-09-15,scraper,197,
https://www.youtube.com/@printmasteryt,@printmasteryt,PRINT MASTER,1980,119,4,"Photocopy machine and jumbo plotter error-fixing channel, plainly repair-focused with contact for services.",Kyocera copier repair | Xerox machine repair | printer paper jam repair,UCLNm3RWoHxbxIa9bWwSJYnw,hands,printer-repair,wave4,2026-09-15,scraper,119,
https://www.youtube.com/@printmechanic,@printmechanic,Print Mechanic,1050,222,4,Russian printer/MFU repair service channel describing technical repairs and troubleshooting of office equipment faults.,conserto de impressora | ремонт принтеров | ремонт МФУ,UC9AZB1tE86rydG1Q5UVMD-w,hands,printer-repair,trial100,2026-09-15,scraper,222,
https://www.youtube.com/@prprintersolution,@PRprintersolution,PR Printer Solution ,852,80,4,"Xerox/copier/printer repair channel detailing drum, fuser film, roller replacement and machine parts info.",printer repairing | printer technician | photocopier repair | fuser unit replacement | printer roller replacement,UC-A5OaBuIlYfYZ8pJ4z39wg,hands,printer-repair,wave1,2026-09-15,scraper,80,
https://www.youtube.com/@quick-009,@Quick-009,quick Printer Solution,43,53,4,"Dedicated printer repair technician channel covering inkjet/laser repair, error codes and step-by-step practical videos.",printer repairing Hindi,UC320jfnhgH_5JzMEwiNl2RQ,hands,printer-repair,wave1,2026-09-15,scraper,53,
https://www.youtube.com/@rahattechnicalhub,@RahatTechnicalHub,Rahat Technical Hub,5860,278,4,"Technical hub explicitly focused on printers, copiers and faxes with hardware/software fault fixing.",printer repair Urdu,UCW24FG05rLSfX--HQnPa2pg,hands,printer-repair,trial100,2026-09-15,scraper,278,
https://www.youtube.com/@ramyhadad.,@RamyHadad.,أقوى كورس صيانة مكن  تصوير مستندات,6500,86,4,Dedicated course channel teaching printer and copier repair from scratch to professional level.,صيانة طابعات,UCyxP6MlYUIJA1jBKR4kgGpg,hands,printer-repair,wave1,2026-09-15,scraper,86,
https://www.youtube.com/@ramyhadad1,@Ramyhadad1,اكاديمية المهندس رامي حداد,48600,1020,4,Academy channel providing maintenance info and fault solutions for copiers and printers.,صيانة طابعات,UCg6fY2DlMrBLAC-Ftn7kjVg,hands,printer-repair,wave1,2026-09-15,scraper,1020,
https://www.youtube.com/@rccsolution,@RccSolution,Rcc Solution,1240,144,4,Self-identified Epson engineer channel focused on printer repair training content.,printer repairing Hindi | Epson printer repair | HP printer repair | dot matrix printer repair,UCb20L_m0WAc5oS2Dp8Cbzuw,hands,printer-repair,wave4,2026-09-15,scraper,144,laptop-computer-repair:2
https://www.youtube.com/@remont-1001,@REMONT-1001,REMONT-1001. Заправка та ремонт оргтехніки.,354,87,4,Channel dedicated to printer/MFU repair and cartridge refilling with described hands-on content.,ремонт принтеров,UCUcA5ds8sXE1bBCokin_qdA,hands,printer-repair,wave1,2026-09-15,scraper,87,
https://www.youtube.com/@repairit8602,@repairit8602,Repair It,2140,66,4,"Dedicated printer and scanner repair channel with phone contact for service, thin but on-topic.",Canon printer repair | printer paper jam repair,UCeJRDLM_dvc-pcFP6vMoNKw,hands,printer-repair,wave4,2026-09-15,scraper,66,
https://www.youtube.com/@repairwithadnan75,@Repairwithadnan75,Repair with Adnan,159,87,4,"Repair channel by named individual matching plotter repair keyword, minimal but plausible bio.",plotter repair,UC3ZBXFSdDPTolp4YU6eldhA,hands,printer-repair,trial100,2026-09-15,scraper,87,
https://www.youtube.com/@sandro_tecnico,@sandro_tecnico,Reset_das impressoras,78,52,4,"Technician channel specialized in printer reset and repair across Epson, HP, Canon and laser.",manutenção de impressora,UCmUU8SawAkLfjpCc2idyeKw,hands,printer-repair,wave1,2026-09-15,scraper,52,
https://www.youtube.com/@sartononainggolan,@SartonoNainggolan,Sartono Nainggolan,51600,535,4,"Tutorial channel covering computer, laptop and printer service/repair with hands-on focus.",service printer Epson L3110,UCHt8uLvCFzxwLperXljrylg,hands,printer-repair,wave4,2026-09-15,scraper,535,
https://www.youtube.com/@serviceprinterdimakassarme9178,@serviceprinterdimakassarme9178,Service Printer Di Makassar #Medusa WorkShop,34,173,4,"Indonesian printer service center covering multiple brands, name and desc point clearly to hands-on repair work.",printer repairing | servis printer,UC-sBBSX1v-ebdEtVdKZVmgw,hands,printer-repair,wave3,2026-09-15,scraper,173,
https://www.youtube.com/@serviceprinterid,@serviceprinterid,serviceprinter id,1210,264,4,Home service printer vlog documenting Epson/Canon/HP/dotmatrix/thermal repairs and tips.,servis printer,UC7xPYoRCsNI4UQP3IRk-k9g,hands,printer-repair,wave1,2026-09-15,scraper,264,
https://www.youtube.com/@servitecmedellincolombia,@servitecmedellincolombia,ServitecMedellin,9780,224,4,Specialized inkjet printer technical service and DTF adaptation channel with clear repair focus.,reparación de impresoras | técnico de impresoras,UCvxQxHjxXWXExlzOB2MRboA,hands,printer-repair,wave3,2026-09-15,scraper,224,
https://www.youtube.com/@serwis.poweron,@serwis.poweron,powerON - serwis i sklep komputerowy,104,96,4,"Computer repair shop with multiple titles showing real printer paper jam, drum, toner repairs alongside PCs.",naprawa drukarek,UCwHrekOlunQMgT1dtxN_IkQ,hands,printer-repair,wave4,2026-09-15,scraper,96,
https://www.youtube.com/@shahidcopier,@shahidcopier,SHAHID_COPIER,37,77,4,Photocopier repair business channel covering major brands with contact info for services.,copier repair,UCFpiBDNvptkYpn_O17z-6UQ,hands,printer-repair,wave1,2026-09-15,scraper,77,
https://www.youtube.com/@sheoharprintercare,@sheoharprintercare,प्रिंटर केयर 🖨 ,37,56,4,Printer care channel focused on all-type printer repair with toner cartridge reselling as secondary activity.,Epson printer repair,UChDBE4Rix5t9p-CCV6anKlA,hands,printer-repair,wave4,2026-09-15,scraper,56,
https://www.youtube.com/@shivaycomputerandprinters,@shivaycomputerandprinters,Shivay computer & printers,17,58,4,"Computer and printer repairing videos channel, thin but on-topic bio.",Epson printer repair,UCXzvLXzVrOCQ1pyQSwkgP3w,hands,printer-repair,wave4,2026-09-15,scraper,58,
https://www.youtube.com/@skipper.printers,@skipper.printers,SKIPPER,11300,117,4,"Channel dedicated to printer, ink and maintenance content per its short description.",صيانة طابعات,UChu8JExbWaFN0tinA0Xy7tw,hands,printer-repair,wave1,2026-09-15,scraper,117,
https://www.youtube.com/@snakecomua,@snakecomua,"Мастерская Snake – заправка картриджей,ремонт принтеров",146,51,4,"Workshop vlog for cartridge refilling and printer repair business, real service work shown.",ремонт принтеров | ремонт МФУ,UCJKyG8DXLwml_LBEROCgJ1w,hands,printer-repair,wave1,2026-09-15,scraper,51,
https://www.youtube.com/@solusiprinter,@solusiprinter,servis printer solution,322,78,4,Printer service/solution channel sharing HP laserjet and photocopier repair experience.,servis printer,UCfRQsmt56qyao5_TeFuqwew,hands,printer-repair,wave1,2026-09-15,scraper,78,
https://www.youtube.com/@sophalkh2023,@sophalKh2023,Khmer Printer,1680,147,4,"Named Khmer Printer with paper jam repair keyword, thin generic description but likely printer repair focus.",Epson printer repair | printer paper jam repair,UCr4OeulKmzwOy9OU7pk7j-w,hands,printer-repair,wave4,2026-09-15,scraper,147,
https://www.youtube.com/@sp_enterprise_toshiba,@sp_enterprise_toshiba,SP ENTERPRISCE ,1040,96,4,"Toshiba photocopier sales/service channel covering repair, maintenance, parts and error solutions in Bangla.",copier repair | printer repair Bangla,UCudW_-eVQThN-GT7S8_RKeg,hands,printer-repair,wave1,2026-09-15,scraper,96,
https://www.youtube.com/@staffprint,@StaffPrint,Felix Guerrero Perez,3100,59,4,"Technical instruction channel detailing printer disassembly, calibration and fault diagnosis procedures.",reparación de impresoras,UC8scgtDPPeCQPQO1PbqZ15Q,hands,printer-repair,wave1,2026-09-15,scraper,59,
https://www.youtube.com/@supertechs3,@Supertechs3,Supertechs Services,11200,147,4,Dedicated channel explicitly showing users how to service and repair copy and printer machines.,printer service | copier repair | photocopier repair | printer roller replacement | Drucker reparieren,UC1BcWQsq5s0UOqjwivFgC9w,hands,printer-repair,wave1,2026-09-15,scraper,147,
https://www.youtube.com/@suportet%c3%a9cnico-o2o,@SuporteT%C3%A9cnico-o2o,Suporte Técnico,11900,295,4,Technical channel focused on Ricoh/Konica Minolta error codes and maintenance troubleshooting.,técnico de impresoras,UCLPLdltJatGb3yU8l0TpsIg,hands,printer-repair,trial100,2026-09-15,scraper,295,
https://www.youtube.com/@swsistemasdeimpress%c3%a3o,@SWsistemasdeimpress%C3%A3o,SW sistemas de impressão,3780,272,4,Printer solutions channel offering tips and details for everyday printer issues.,manutenção de impressora,UCKp3O2F6-kF_qH0KU7jMNuQ,hands,printer-repair,wave1,2026-09-15,scraper,272,
https://www.youtube.com/@talhaprinter,@Talhaprinter,Talha Printer ,4320,262,4,"Dedicated printer sale/service/repair/refill shop channel, thin but clearly repair-focused description.",printer repairing | printer service | Drucker reparieren,UC8GekrkkS3fiPGQWBBigJmw,hands,printer-repair,wave3,2026-09-15,scraper,262,
https://www.youtube.com/@tamerco1,@tamerco1,Tamer Tantawi,11600,365,4,Channel teaching photocopier and printer machine maintenance and troubleshooting solutions.,صيانة طابعات,UCJQ-q9SxcoENWVJkaLcTo9A,hands,printer-repair,wave1,2026-09-15,scraper,365,
https://www.youtube.com/@techfixne,@TechFixNE,TechFixYT,3620,515,4,"Printer support and disassembling channel with formatter board repair focus, thin but on-topic evidence.",printer formatter board repair | electronics troubleshooting multimeter board,UCeQlAEgPDxjhWNuLTSc64lA,hands,printer-repair,wave4,2026-09-15,scraper,515,tv-power-electronics-repair:1
https://www.youtube.com/@techhumayunkabir,@TechHumayunkabir,Tech Humayun kabir,9920,214,4,"Bio explicitly focused on teaching photocopier, printer and fax machine repair as electronics technician.",copier repair,UCRRgc7i5FUC3jGg8YThaC-A,hands,printer-repair,wave4,2026-09-15,scraper,214,tv-power-electronics-repair:1
https://www.youtube.com/@techland.printers,@TechLand.printers,Tech Land,1020,109,4,Educational channel focused on practical printer and copier fault repair and cartridge refilling from real cases.,صيانة طابعات,UCaugppAcCeHAXAftt4Xy7Vg,hands,printer-repair,wave1,2026-09-15,scraper,109,
https://www.youtube.com/@technicalsupportom,@TechnicalSupportOm,Technical Support Om,5280,323,4,"Hindi-language channel explicitly stating all types of printer repairing done, thin but on-topic evidence.",toner cartridge refill | printer paper jam repair,UCM5Q2QkKRKqYDF6QYI2jFWA,hands,printer-repair,wave4,2026-09-15,scraper,323,
https://www.youtube.com/@technicalworldhsp75,@technicalworldhsp75,Technical World hsp,2690,115,4,"Photostat/Xerox/Epson printer and scanner repair channel, mixed with solar tech content.",Epson printer repair | Xerox machine repair,UCFcPh4_0wmg7NcsYm8jztAw,hands,printer-repair,wave4,2026-09-15,scraper,115,
https://www.youtube.com/@technographprints,@technographprints,Techno Graph,5080,342,4,"Technical printer repair solutions channel similar to sibling Techno Tech, aimed at practical fixes.",copier repair | photocopier repair | fuser unit replacement | printer roller replacement,UCEMN_sp3gmiuLARqd0BopEA,hands,printer-repair,wave1,2026-09-15,scraper,342,
https://www.youtube.com/@technotechprint,@TechnoTechprint,Techno Tech,2440,376,4,"Technician channel covering printers, plotters, laptops and mobiles with practical repair solutions shown.",copier repair | photocopier repair,UCaYBswjRdtmTrFJ17kTlJoQ,hands,printer-repair,wave1,2026-09-15,scraper,376,
https://www.youtube.com/@techsandeep78,@techsandeep78,Tech Sandeep,302,173,4,Channel explicitly teaches repair of every type of printer per description.,Epson printer repair | Brother printer repair | printer paper jam repair,UC499pW47Jed92Ndt9xVnoJQ,hands,printer-repair,wave4,2026-09-15,scraper,173,
https://www.youtube.com/@tecnicoelectronica,@tecnicoElectronica,Repair maintenance and Electronic,257,78,4,"Repair/maintenance shop channel covering Epson printer heads, mechanisms plus other electronics, mostly hands-on work.",Epson printer repair,UCMyM5Stilpr9U4KhuC8Zq4A,hands,printer-repair,wave4,2026-09-15,scraper,78,tv-power-electronics-repair:2
https://www.youtube.com/@tecniricoh7020,@tecniricoh7020,TECNIRICOH,6830,54,4,Dedicated Ricoh photocopier repair channel name with clear focused repair topic.,técnico de impresoras,UCMIUyj6wQJyDaefxPuZPc0Q,hands,printer-repair,wave1,2026-09-15,scraper,54,
https://www.youtube.com/@teknisimedan1296,@teknisimedan1296,Teknisi Medan,10200,51,4,"Repair tutorial channel covering computers, laptops and printers, step-by-step format.",printer paper jam repair,UCreF8DJ7Jt_GNuMush432kQ,hands,printer-repair,wave4,2026-09-15,scraper,51,
https://www.youtube.com/@terryjonesprinterrepairs,@TerryJonesPrinterRepairs,Terry Jones Printer Repairs,15200,203,4,"Veteran printer tech's instructional videos on fixing common printer problems, onsite repair service.",printer repair | printer repairing | printer service,UCzz1xnHmpo-832FxuYrhj_w,hands,printer-repair,wave1,2026-09-15,scraper,203,
https://www.youtube.com/@thecopierworld,@thecopierworld,THE COPIER WORLD,3280,113,4,Dedicated photocopier/printer channel in Hindi promising weekly videos about copier and printer topics.,Kyocera copier repair,UC_-pyExkKySA8CfZGsLcqyw,hands,printer-repair,wave4,2026-09-15,scraper,113,
https://www.youtube.com/@theprofessorprinter,@TheProfessorPrinter,Professor Printer,230,299,4,"Name and handle suggest dedicated printer repair education channel, thin but plausible technician bio.",printer roller replacement,UCF6HxGy4j2s-vJCfA9WB22w,hands,printer-repair,wave1,2026-09-15,scraper,299,
https://www.youtube.com/@tiknik,@tiknik,tiknik,4530,160,4,Photocopier technician sharing tutorials/DIYs on solving photocopier malfunctions and errors from the field.,printer roller replacement,UCIbdok6MiJ5Fr6JZvz63MIg,hands,printer-repair,wave1,2026-09-15,scraper,160,
https://www.youtube.com/@tinhoccantho2018,@tinhoccantho2018,TIN HỌC CẦN THƠ,89,72,4,"Technician channel showing real printer repair (Brother, Canon, HP, Epson) alongside laptop/PC and camera work.",sửa máy in Canon,UCmlyaT_VMQ40isG-73Oxi1w,hands,printer-repair,wave4,2026-09-15,scraper,72,
https://www.youtube.com/@tollranceprintercare,@tollranceprintercare,TOLLRANCE PRINTER CARE ,308,97,4,"Name signals dedicated printer care channel; only phone number given as description, thin but on-topic.",printer repair,UCcN3-B5WykoxP6v5eP7GJhA,hands,printer-repair,wave1,2026-09-15,scraper,97,
https://www.youtube.com/@tonercom,@Tonercom,Tonercom,3660,70,4,"Printer care channel focused on fixing printed page defects, firmware and reset issues across brands.",Xerox machine repair | toner cartridge refill | printer paper jam repair,UCt7GAsjCTG1r2POu6a4SdJA,hands,printer-repair,wave4,2026-09-15,scraper,70,
https://www.youtube.com/@tonerlineoficial,@tonerlineoficial,Toner Line Oficial,2040,97,4,"Dedicated printer repair and maintenance channel covering LaserJet, inkjet and multifunction printer troubleshooting tips.",conserto de impressora | manutenção de impressora,UCt9EX4M1iilB3JMpgj2Xjbg,hands,printer-repair,wave1,2026-09-15,scraper,97,
https://www.youtube.com/@trepair,@TRepair,T Repair Tech,5900,260,4,Repair tech channel name indicates Epson/Brother printer repair services with minimal contact-only description.,Epson printer repair | Brother printer repair | service printer Epson L3110,UCydIy6Oj9QpEqEAD7ftg3cQ,hands,printer-repair,wave4,2026-09-15,scraper,260,
https://www.youtube.com/@tukangserviceprinter3390,@tukangserviceprinter3390,Tukang Service Printer,18,197,4,Self-described inkjet/laserjet printer service technician sharing repair videos.,servis printer,UCbpCy-L_X51vMHgqi0Arzww,hands,printer-repair,wave1,2026-09-15,scraper,197,
https://www.youtube.com/@tutoclinicinformatc,@tutoclinicinformatc,printer repair تصليح الطابعات ,5570,297,4,"Arabic printer repair channel dedicated to explaining printer faults and fixes, thin but on-topic description.",printer repair,UCIjRz9ZNW2MWzT7GNP74OBw,hands,printer-repair,trial100,2026-09-15,scraper,297,
https://www.youtube.com/@tutorialprinter2024,@tutorialprinter2024,Printer Tutorials,1500,206,4,"Printer tutorial channel focused on repair, maintenance, error handling and infusion installation of printers.",servis printer | yazıcı tamiri,UCB0-vsv1DzVBISMkDpNms9Q,hands,printer-repair,wave1,2026-09-15,scraper,206,
https://www.youtube.com/@udafahmy,@Udafahmy,Uda Fahmy official,703,195,4,"Printer and computer service channel covering tutorials, resetter fixes and repair across major brands.",printer roller replacement,UCavhsUQkl72bEExLea3F0Mw,hands,printer-repair,wave1,2026-09-15,scraper,195,
https://www.youtube.com/@uthetminnoo9442,@uthetminnoo9442,"Revealing – computer, printer service (CKB)",37,88,4,Computer and printer hardware/software maintenance repair show with practical demonstration framing.,printer repair | printer repairing | printer service | servis printer,UC9bhfxr1GJMgV-lC1xyjh6A,hands,printer-repair,wave1,2026-09-15,scraper,88,
https://www.youtube.com/@vazimstech,@VazimsTech,Vazims Tech,73,53,4,"Bio states decades of experience in computer printer hardware repair and teaching, thin but relevant evidence.",printer repair Urdu,UCM24zMUD737IZnSThcVYtnA,hands,printer-repair,wave1,2026-09-15,scraper,53,
https://www.youtube.com/@vktelugutech,@Vktelugutech,Vk Telugu Tech,38400,814,4,Telugu tech channel explicitly covering Epson printer repairing alongside computers and laptops.,printer repair Telugu,UCIf-82QT8Du2xgXGrE3c0Kw,hands,printer-repair,wave4,2026-09-15,scraper,814,laptop-computer-repair:2
https://www.youtube.com/@waiyan-ju7kj,@WAIYAN-ju7kj,WAI YAN Copier (Sales & Service),1560,53,4,"Copier sales and service channel in Myanmar, likely hands-on repair work.",Drucker reparieren,UCv3LjRwA2V5tBiP0m4QIYvQ,hands,printer-repair,wave1,2026-09-15,scraper,53,
https://www.youtube.com/@xeroxa2z,@XEROXA2Z,XEROX A2Z,10500,354,4,Photocopier and computer technician channel explicitly teaching photocopier fault diagnosis and solutions.,Xerox machine repair,UC9gRDsNj-REryE_bauEPLQg,hands,printer-repair,wave4,2026-09-15,scraper,354,
https://www.youtube.com/@yousuportvip,@yousuportvip,VIP support,50800,370,4,"Channel explicitly covers printer and notebook repair tutorials, bulk ink, formatting with hands-on framing.",manutenção de impressora,UCOxlhSHN8OpXhnj35i6R4_w,hands,printer-repair,wave3,2026-09-15,scraper,370,
https://www.youtube.com/@%d0%90%d0%bb%d0%b5%d0%ba%d1%81%d0%b5%d0%b9%d0%a0%d1%8b%d0%b6%d0%be%d0%b2-%d1%8a7%d1%8b,@%D0%90%D0%BB%D0%B5%D0%BA%D1%81%D0%B5%D0%B9%D0%A0%D1%8B%D0%B6%D0%BE%D0%B2-%D1%8A7%D1%8B,Алексей Рыжов,2860,175,4,"Printer and MFU repair channel with cartridge refill and reviews, core topic dominant.",conserto de impressora | ремонт принтеров | ремонт МФУ,UCMKmqFEQ7soXdmmOYOlgG0A,hands,printer-repair,wave1,2026-09-15,both,175,
https://www.youtube.com/@%e8%bf%85%e7%bb%b4%e7%bd%91%e6%a0%a1-%e6%89%8b%e6%9c%ba%e7%bb%b4%e4%bf%ae,@%E8%BF%85%E7%BB%B4%E7%BD%91%E6%A0%A1-%E6%89%8B%E6%9C%BA%E7%BB%B4%E4%BF%AE,迅维网校-手机维修,5180,577,4,Technical training school covering printer/copier repair courses with hands-on DV-recorded practical sessions among many electronics topics.,打印机维修,UCCfwsP05bw9qrZrJAjV7g-A,hands,printer-repair,wave4,2026-09-15,both,577,tv-power-electronics-repair:3
https://www.youtube.com/@ab.printer.service,@ab.printer.service,A.B. EPSON PRINTER,440,139,4,Epson/Canon/HP printer service channel with a title showing specific error code troubleshooting (E58 solution).,printer repairing | printer service,UCfunxps8WK76yRnj5Pd3XOQ,hands,printer-repair,wave1,2026-09-15,both,139,
https://www.youtube.com/@abhiinfotechharidwar,@abhiinfotechHaridwar,ABHI INFOTECH. (ALL IT SOLUTION ),218,76,4,IT solutions shop explicitly offering printer repair alongside computer and CCTV services.,printer repairing Hindi | printer repair,UCCXHrsipeyedqoZyHH_CGCQ,hands,printer-repair,trial100,2026-09-15,both,76,
https://www.youtube.com/@agordienkom_reprint,@Agordienkom_RePrint,Андрей Гордиенко,1330,134,4,"Educational channel on MFU/printer theory, diagnostics and repair with paid consultations, clearly on-topic.",ремонт МФУ,UC-En40aI7rm7Wcn3E54VC0Q,hands,printer-repair,wave1,2026-09-15,both,134,
https://www.youtube.com/@ap_touch_solution,@AP_Touch_solution,AP Touch Solution,482,261,4,"Hindi printer repair channel covering error codes, ink issues and cartridge fixes across major brands.",printer repair | printer repairing Hindi | Drucker reparieren,UChjGY28U0NFqu7yp8YCamiQ,hands,printer-repair,wave1,2026-09-15,both,261,
https://www.youtube.com/@arido_print,@arido_print,Arido Print,261,63,4,LaserJet repair shop with titles showing solenoid fix and fuser cleaning bench work.,servis printer,UC4CH46_q2-u79Ny7Kp-5-Jg,hands,printer-repair,wave1,2026-09-15,both,69,
https://www.youtube.com/@badrtechnologie,@BADRTECHNOLOGIE,BADR TECHNOLOGY – Badr’s Professional Tech Channel,54700,358,4,Dedicated tech channel emphasizing hands-on printer repair (Epson/Canon/HP) alongside phone/computer repair guides.,صيانة طابعات | تصليح طابعة | printer repair | phone repair | smartphone repair,UC2HQdgANSDgnKkpnyCvT8QQ,hands,printer-repair,wave4,2026-09-15,both,358,phone-repair:2
https://www.youtube.com/@basis_print,@Basis_Print,Базис Печати,422,242,4,Printer/MFU diagnostics and maintenance service channel with technical repair focus.,ремонт принтеров | ремонт МФУ,UC0WziqcppADQTrlkCp-YPIg,hands,printer-repair,wave1,2026-09-15,both,242,
https://www.youtube.com/@bbktechnical1462,@bbktechnical1462,BBK Technical,1760,144,4,"Printer repair channel with specific model troubleshooting (HP, Canon, Epson) alongside some CCTV content.",printer service,UCszf4JBLNDJik8GkbCwbMog,hands,printer-repair,wave1,2026-09-15,both,144,
https://www.youtube.com/@cclla1,@cclla1,cclla1,2620,58,4,"Computer shop channel with dedicated how-to videos on monitor, computer and printer repair.",printer repair shop | printer repair,UC9IfwNSD437Hwmvi0Od1bBw,hands,printer-repair,wave4,2026-09-15,both,58,laptop-computer-repair:3 | tv-power-electronics-repair:2
https://www.youtube.com/@chipsetio,@ChipsetIO,CHIPSET IO,8230,223,4,Tech repair channel explicitly listing printer repair alongside phone/laptop repair tutorials.,printer repair shop | printer repair,UCRDOibSA8nvKuNIqAIa060Q,hands,printer-repair,wave4,2026-09-15,both,223,laptop-computer-repair:2
https://www.youtube.com/@clearchoicetechnicalservic8510,@clearchoicetechnicalservic8510,Clear Choice Technical Service,14,134,4,Large certified printer/plotter repair service network channel with on-site technician repairs across North America.,copier repair | plotter repair | printer service | printer technician,UC66K-sQQiH8G-EOsBNhHPbA,hands,printer-repair,wave1,2026-09-15,both,134,
https://www.youtube.com/@dailongpc,@dailongpc,"Sửa chữa điện tử, máy tính, máy in, máy photo",2140,144,4,Electronics/printer/copier repair channel explicitly covering repair guides and ink refills.,sửa máy in | printer repair | copier repair | sửa máy tính | sửa main laptop,UCHf5KGI7KueXb4W2w0MmJVg,hands,printer-repair,wave3,2026-09-15,both,144,laptop-computer-repair:3 | tv-power-electronics-repair:2
https://www.youtube.com/@dhumbawattechnology,@DHUMBAWATTECHNOLOGY,DHUMBAWAT TECHNOLOGY,579,77,4,"Printer and cartridge repairing explicitly listed alongside networking and Office software, printer-focused enough.",printer repairing Hindi | printer repair | printer repairing,UCftQd1KhQct4xs3yrjYzrAg,hands,printer-repair,wave3,2026-09-15,both,77,
https://www.youtube.com/@ecbtechnical6517,@ecbtechnical6517,ECB TECHNICAL,13000,509,4,Channel named directly for printer repair with minimal but on-topic description.,printer technician | printer repair,UCHKC-tdkVI3nn1z1fOm4ddQ,hands,printer-repair,wave1,2026-09-15,both,509,
https://www.youtube.com/@ecoprintsistemas,@ecoprintsistemas,ECOPRINT SISTEMAS CONTINUOS,1430,142,4,CISS installation and printer repair channel sharing technical knowledge and troubleshooting.,reparación de impresoras,UC84G_hynMxVG3KPvbZ_3WZQ,hands,printer-repair,wave3,2026-09-15,both,142,
https://www.youtube.com/@epsithailand.4494,@epsithailand.4494,epsithailand,3450,377,4,"Description explicitly states teaching printer repair methods alongside parts and ink sales, clear repair focus.",ซ่อมปริ้นเตอร์,UC9y5vR9j39KQ1emxZulOukg,hands,printer-repair,wave1,2026-09-15,both,377,
https://www.youtube.com/@epsolucion-soportetecnico7338,@epsolucion-soportetecnico7338,Epsolucion - Soporte tecnico,5770,197,4,Dedicated Epson printer repair and tech support channel with clear repair focus.,reparación de impresoras | técnico de impresoras,UCLmyqHYlXwXGF9z9s8Hq1uQ,hands,printer-repair,wave3,2026-09-15,both,197,
https://www.youtube.com/@fix_reset_printer,@fix_Reset_printer,ابراهيم الزعيم,787,140,4,"Printer repair technician channel focused on firmware reset and repair for Lexmark, Samsung, HP, Xerox.",صيانة طابعات,UCyEl7peN_omIT2H2DWPg9yQ,hands,printer-repair,wave1,2026-09-15,both,140,
https://www.youtube.com/@fixwell,@fixwell,Чиним чётко,12300,105,4,Channel explicitly about printer/MFU repair and cartridge refilling sharing personal repair experience.,ремонт принтеров | ремонт МФУ,UCQzuZQj7jkG2nFm_yLs0W_w,hands,printer-repair,wave1,2026-09-15,both,105,
https://www.youtube.com/@geridonusumcihazlari,@GeriDonusumCihazlari,Geri Dönüşüm Cihazları,4740,53,4,"Name and description point directly to printer repair and spare parts, thin but on-topic evidence.",yazıcı tamiri,UCH6fGt6M7J6bM_UFCGLnNhA,hands,printer-repair,wave3,2026-09-15,both,53,
https://www.youtube.com/@gjrprinterrepair,@GJRPrinterRepair,GJR Printer Repair,31200,855,4,Channel name and one-line bio point directly to printer repair with no distracting signals.,printer repair | printer repairing | printer service | printer repair Urdu | printer repair tagalog | Epson printer repair | HP printer repair | Canon printer repair | waste ink pad reset repair | printer repair Nepali | service printer Epson L3110 | Elektronik reparieren,UCAutRncYMBIxihaIbWJZcyA,hands,printer-repair,wave4,2026-09-15,both,855,tv-power-electronics-repair:0
https://www.youtube.com/@hwanheecom,@Hwanheecom,Hwanheecom,219,97,4,20-year engineer channel explicitly covering printhead repair and inkjet printer maintenance alongside PC repair.,프린터 수리 | printer repair,UCLxxngFrO53YAJmln9diEWg,hands,printer-repair,wave4,2026-09-15,both,97,laptop-computer-repair:3
https://www.youtube.com/@impresorasguatemala,@impresorasguatemala,Impresoras Guatemala,101000,410,4,Printer repair tutorials channel promising step-by-step repairs and configurations for home users.,CISS installation printer | reparación de impresoras,UC4KCTK0ab8eur5YtogjYUbQ,hands,printer-repair,wave1,2026-09-15,both,410,
https://www.youtube.com/@itelectronics8,@itelectronics8,IT ELECTRONICS,4130,77,4,Channel specifically dedicated to laser and inkjet printer repairing with weekly videos.,printer repairing | printer technician | printer repairing Hindi | service printer Epson L3110 | printer repair | SMPS repair | laptop charger adapter repair | SMPS repair tutorial,UClgPpNr9rQzG4K2xbGyYkXw,hands,printer-repair,wave4,2026-09-15,both,77,tv-power-electronics-repair:1
https://www.youtube.com/@jinitechbd,@jinitechbd,JiniTech BD,11200,332,4,Channel explicitly aims to help viewers solve printer problems themselves via video.,printer repair Bangla | printer repair,UCDsXRhq76rCUuEZlxILOMyA,hands,printer-repair,wave1,2026-09-15,both,332,
https://www.youtube.com/@joebenelsie,@joebenelsie,KaprinterFix,734,59,4,"Titles show real printer fault repairs (Epson/Canon blinking errors, print quality fixes) fitting the topic well.",printer repair,UCokiHyotFqJwGUKdrLoQrrQ,hands,printer-repair,wave1,2026-09-15,both,214,
https://www.youtube.com/@karimakeitservice,@karimakeitservice,A YUDISTIRA,4770,109,4,Computer/printer/laptop repair channel explicitly covering printer repair and resetting alongside other IT services.,service printer Epson L3110 | printer repair,UCpQ66B38G93hCiJwcvTP04w,hands,printer-repair,wave4,2026-09-15,both,109,laptop-computer-repair:2
https://www.youtube.com/@kctechnicalinstitute,@KCTechnicalInstitute,KC Technical Institute,2660,85,4,Technical institute specifically focused on photocopier/Xerox repair training courses.,printer repair | printer service | printer technician | copier repair | photocopier repair | printer repair course | printer repair Tamil | reparación de impresoras | conserto de impressora | ремонт принтеров | Drucker reparieren | Xerox machine repair | تصليح طابعة | copier technician training | printer repairing | laptop repair course | laptop repair Tamil | computer hardware technician | laptop repairing institute | computer repair technician workshop | laptop repair | laptop repairing,UCe4Hi1cVYXO3lK5PU-ZKbsw,hands,printer-repair,wave4,2026-09-15,both,85,tv-power-electronics-repair:0
https://www.youtube.com/@kumarprinter,@KumarPrinter,Kumar Printer,28800,501,4,"Hindi channel dedicated to printer repairing across brands, thin but on-topic description.",printer repairing | printer repairing Hindi | printer repair Tamil | printer repair,UCJymPkKEdSAnI2rYxjqBI4g,hands,printer-repair,wave1,2026-09-15,both,501,
https://www.youtube.com/@macor285,@macor285,Marte Alolor,5890,250,4,"DIY repair channel explicitly covering plotter, printer and photocopier repair among other devices.",photocopier repair | plotter repair | copier repair,UCY-yO71etGB_kYYCJfkYG5A,hands,printer-repair,wave1,2026-09-15,both,250,
https://www.youtube.com/@managertv1756,@managertv1756,Manager Tech,4190,52,4,"Dedicated printer repair channel teaching step-by-step fixes for HP, Canon, Epson, Konica, Brother.",printer technician | printer repair,UCpV3aQF4F70mVqpfurKDI0A,hands,printer-repair,trial100,2026-09-15,both,52,
https://www.youtube.com/@masdaniez,@masdaniez,Mas Daniez,246,416,4,"Printer service, buying/selling used printers and repair tutorials described directly.",yazıcı tamiri | servis printer,UCXRiW3BMBiZRdKjrz-K9Uzw,hands,printer-repair,wave1,2026-09-15,both,416,
https://www.youtube.com/@messiassantiago253,@messiassantiago253,Messias Santiago,30000,556,4,"Dedicated printer maintenance channel covering laser, thermal, matrix and inkjet printers with practical technical content.",técnico de impresoras | manutenção de impressora | manutenção de impressoras,UCIVcfYq2DNWTKZYgGrnPH3A,hands,printer-repair,wave1,2026-09-15,both,556,
https://www.youtube.com/@metrofuser,@metrofuser,Metrofuser Printer Parts For Service Repair,9080,102,4,Printer parts manufacturer offering fuser and maintenance kit products plus printer repair training content.,printer repair | printer repairing | printer service | printer roller replacement | servis printer,UCSTuIqxO48UnP91fK085wWQ,hands,printer-repair,wave1,2026-09-15,both,102,
https://www.youtube.com/@mono2535,@Mono2535,ซ่อมจนพัง,12300,254,4,Channel primarily focused on printer troubleshooting and repair Q&A with some computer/laptop content.,ซ่อมปริ้นเตอร์,UCLzrEQE7vVsKbprp-CnMquw,hands,printer-repair,wave4,2026-09-15,both,254,laptop-computer-repair:2
https://www.youtube.com/@mrbishttechnical546,@MRBishtTechnical546,Mr bisht technical ,9900,791,4,Dedicated printer service technician channel covering multiple brands including laser and tank printers.,printer service,UCuWdLSxf9GR9VUavElqS1Bg,hands,printer-repair,wave1,2026-09-15,both,792,
https://www.youtube.com/@mrpsupport,@MRPSupport,"MRP, A ServIT Company",377,234,4,"Instructional videos for printer repair procedures across many industrial printer brands, factory-trained engineers.",printer repair | printer repairing | printer service | printer roller replacement,UCwVuybjdfk-CEtbFzk3C2rA,hands,printer-repair,wave1,2026-09-15,both,234,
https://www.youtube.com/@mttuktuki,@mttuktuki,MT TUKTUKI,3170,174,4,Printer repair in Hindi across multiple brands with step-by-step troubleshooting is the clear primary focus.,printer repairing Hindi | printer repair,UC2muyIix3jDuCUKv28xJZ0Q,hands,printer-repair,wave3,2026-09-15,both,174,
https://www.youtube.com/@narayanganj108,@Narayanganj108,M.B Printer Service ,139,115,4,"Detailed printer service channel covering multiple brands, fuser units, scanners and recondition parts sales.",printer repairing | printer service,UC1LXQHI9ZG0LAZHIRqcWBZg,hands,printer-repair,wave1,2026-09-15,both,115,
https://www.youtube.com/@nextleveltechnology007,@nextleveltechnology007,NEXT LEVEL TECHNOLOGY,1060,135,4,"Certified Brother printer engineer channel also covering laptop repair, printer-focused bio.",printer repair | printer repairing | printer technician | photocopier repair | HP printer repair | Canon printer repair | Brother printer repair,UCDZ-LqIw_6CWqiprbOpbNrQ,hands,printer-repair,wave4,2026-09-15,both,135,laptop-computer-repair:3
https://www.youtube.com/@ngobaoanhthu78,@ngobaoanhthu78,Ngô Bảo Anh Thư,127,157,4,"Repair shop explicitly offering laptop, computer and printer repair with specific Canon/HP/Samsung models mentioned.",sửa máy in Canon | sửa máy in,UCYBPMQ1Eku5G9NVyAcToZZA,hands,printer-repair,wave4,2026-09-15,both,157,laptop-computer-repair:1
https://www.youtube.com/@prefectcomputer_solution,@PrefectComputer_Solution,Prefect Computer Solution ,3770,400,4,Computer solution channel explicitly listing printer repair and laminator machine repair as content focus.,printer repairing Hindi | Epson printer repair | Brother printer repair | printer paper jam repair | printer repair,UC3ARAS-qmNncrXyWBvUhMcQ,hands,printer-repair,wave4,2026-09-15,both,400,laptop-computer-repair:3
https://www.youtube.com/@printerservicepoint,@printerservicepoint,PRINTER SERVICE POINT ,2120,364,4,"Printer engineer bio naming HP/Canon/Epson/Brother service, thin but repair-focused evidence.",printer service | servis printer | Drucker reparieren,UCppIrW8WzhlkYz5ZHAPpBgw,hands,printer-repair,wave1,2026-09-15,both,364,
https://www.youtube.com/@printerservicetiagoduarte,@PRINTERSERVICETiagoDuarte,PRINTER SERVICE Tiago Duarte,5060,168,4,"Dedicated Epson EcoTank maintenance and repair training course, though description leans on sales/pricing.",printer service | servis printer | técnico de impresoras | manutenção de impressora | manutenção de impressoras,UCBTVJmY_mopL9UhGdpUhiMw,hands,printer-repair,trial100,2026-09-15,both,168,
https://www.youtube.com/@printertechsupport,@PrinterTechSupport,Aps printer service Lucknow ,954,196,4,"Printer service shop specializing in Epson ink tank reset and repair, business-style address listing.",printer repair | printer service | servis printer,UCOkynQ6JYZfZ-5i0feHnGpQ,hands,printer-repair,trial100,2026-09-15,both,196,
https://www.youtube.com/@printfixid,@PrintFixID,PrintFix ID,17000,256,4,"Dedicated printer repair tutorials with reset guides and problem-solving, mostly Epson-focused.",printhead cleaning | printer repair,UCHXr8P_qIo6BhxDsUewPQsw,hands,printer-repair,wave3,2026-09-15,both,256,
https://www.youtube.com/@printpcpros,@PrintPCPros,Print & PC Pros,86,70,4,Repair channel with titles showing label printer sensor cable replacement and troubleshooting alongside laptop/desktop repairs.,printer repair | printer repairing,UCjglkAyHnSvHFAbVa66wMfA,hands,printer-repair,wave1,2026-09-15,both,122,
https://www.youtube.com/@ramenterprise5675,@RamEnterprise5675,Ram Enterprise,2860,140,4,Professional printer repair channel description promising real-world practical repair videos for technicians.,printer repair | printer repairing | fuser unit replacement | printer roller replacement,UCsOCohbUY0VJXWVvD8m0MIg,hands,printer-repair,wave1,2026-09-15,both,140,
https://www.youtube.com/@repairprintercopier,@RepairPrinterCopier,Tech Fix Everything,4100,201,4,Dedicated printer/copier repair channel promising step-by-step troubleshooting and cartridge tutorials.,printer technician | copier repair | fuser unit replacement | printer roller replacement,UCCfA_iVAdlYKN-ejVlBIDqA,hands,printer-repair,trial100,2026-09-15,both,201,
https://www.youtube.com/@rohannirmal6666,@rohannirmal6666,🖨️Printerknowledge🖨️,25,52,4,"Dedicated ink tank printer repair channel with titles on paper jams, carriage movement and error light troubleshooting.",printer repair,UCwWx7SgLfViB7RQJtREvLYw,hands,printer-repair,wave1,2026-09-15,both,74,
https://www.youtube.com/@serprincomtechnology,@SerprincomTechnology,Serprincom Technology,5250,70,4,"Plotter and printer maintenance/service technical channel, also covers servers/computers but printers dominant.",técnico de impresoras,UCKHfMRTYOWW0yfpbAXP_8-Q,hands,printer-repair,wave1,2026-09-15,both,70,
https://www.youtube.com/@shreeshyamprienter,@ShreeshyamPrienter,Shree shyam Printer,908,76,4,Named printer service channel with minimal but on-topic one-line description.,printer repairing | printer service,UCK7HXBqkG6zz5ty3Yf365nw,hands,printer-repair,wave1,2026-09-15,both,76,
https://www.youtube.com/@surajitprinterpoint,@SurajitPrinterPoint,Surajit Printer Point,12800,172,4,"Daily printer repair videos for Canon/Epson/HP brands, plus minor laptop/desktop tips.",printer repair | printer repairing | printer service | printer technician | printer repair course | servis printer | Epson printer repair | HP printer repair | printer paper jam repair | service printer Epson L3110 | laptop repair,UCLvk8GgSG7trm9ngCJ4bBTg,hands,printer-repair,wave4,2026-09-15,both,172,laptop-computer-repair:2
https://www.youtube.com/@techcomputer73,@TechComputer73,Tech Computer ,3120,484,4,Dedicated Epson printer repair channel with error/troubleshooting fixes and practical solutions.,Drucker reparieren | printer repair,UChxybe_WVUgIaARir2eRGDg,hands,printer-repair,wave1,2026-09-15,both,484,
https://www.youtube.com/@technicalsupp,@technicalsupp,Printer Repair ,309,54,4,"Dedicated printer repair channel with titles showing error codes, installation and ink charging work on Canon printers.",printer repair,UCFTVJZirvhlZzSZ-n1S2gxA,hands,printer-repair,wave1,2026-09-15,both,59,
https://www.youtube.com/@thedarktec,@Thedarktec,Dark Tech,376,207,4,Dedicated doorstep printer repair service channel emphasizing diagnostics and fixes across printer models.,printer repair Tamil | printer repair,UC-KLCO83go6zJ3m_ZhXE8Fg,hands,printer-repair,wave1,2026-09-15,both,207,
https://www.youtube.com/@tintashm,@tintashm,El Tintas,19700,248,4,Channel centered on cartridge refill and printer/computer repair content.,reparación de impresoras,UCXYdfDBrovBI3VSAAc0vKWg,hands,printer-repair,wave4,2026-09-15,both,248,laptop-computer-repair:2
https://www.youtube.com/@trcteck,@trcteck,TRC TECH,17500,1534,4,"Dedicated printer repair channel covering troubleshooting, error codes and motherboard fixes.",printer technician | printer repair,UCE33GUMieX0xssVfNMHVQmA,hands,printer-repair,trial100,2026-09-15,both,1534,
https://www.youtube.com/@ubayprinter7759,@ubayprinter7759,ubay printer,539,56,4,"Indonesian printer service/sparepart shop sharing servis tricks, plain repair bio.",servis printer | yazıcı tamiri,UCiWVAwoQcHWt0fN0wCEsDEA,hands,printer-repair,wave1,2026-09-15,both,56,
https://www.youtube.com/@vikashnirmal8133,@vikashnirmal8133,VIKASH NIRMAL,6370,366,4,Plain printer service channel name/description with all-printer-solutions focus.,Drucker reparieren | printer service,UCy5EtYH_F-aQlOrXTUjusVw,hands,printer-repair,wave1,2026-09-15,both,366,
https://www.youtube.com/@viralprinterwali,@Viralprinterwali,Viral Printer wali,81900,2484,4,"Printer repairing channel covering all types plus secondhand sales, repair is core content.",printer repairing | printer repair,UCS5dTGfMed6SNREse50p1ZQ,hands,printer-repair,wave1,2026-09-15,both,2484,
https://www.youtube.com/@viverdeimpressoras,@viverdeimpressoras,Viver de Impressoras,13600,88,4,Printer maintenance training channel teaching hands-on repair skills to build a business.,manutenção de impressora | manutenção de impressoras,UC4qWK_2IMSpUhGvqHnTnF5g,hands,printer-repair,wave1,2026-09-15,both,88,
https://www.youtube.com/@smartelec20248,@SMARTELEC20248,SMART ELECT,46,83,4,"Electronics repair channel with real printer/copier jobs shown, e.g. Kyocera and drum unit repairs alongside PC/laptop fixes.",electronics repair,UCOVS2BtJVsgxDKL8qJsHHIg,hands,printer-repair,wave4,2026-09-15,pool,83,tv-power-electronics-repair:2
https://www.youtube.com/@akashtechbd9.0,@Akashtechbd9.0,Akash tech 9.0,13,56,4,Printer servicing channel with titles showing Epson L3210/L1800 service work despite unrelated filler videos.,printer repair | printer repairing,UCldqushJK8axK3BVwdXvolA,hands,printer-repair,wave3,2026-09-15,filter,67,
https://www.youtube.com/@akprinterkomp2194,@akprinterkomp2194,AK Printerkomp,1690,135,4,"Printer and computer repair tutorial channel, thin bio but clearly on-topic name.",servis printer,UC8dxytCGDKY0PiEcm55Pzag,hands,printer-repair,wave1,2026-09-15,filter,135,
https://www.youtube.com/@bora-gravar,@Bora-Gravar,BeneTech Informática,9910,86,4,"Technical channel promising step-by-step printhead cleaning, pad reset and board diagnosis repairs.",manutenção de impressoras,UC7y0KuA0iwBf-d76_A0IUwA,hands,printer-repair,wave1,2026-09-15,filter,86,
https://www.youtube.com/@cxwoutsourcing,@CXWoutsourcing,CXW outsourcing,47,79,4,Titles show real hands-on maintenance work on Ricoh/Kyocera copiers like belt and scanner removal.,manutenção de impressoras,UC6LA9BLwjRoGBDJzYGtl1iw,hands,printer-repair,wave1,2026-09-15,filter,91,
https://www.youtube.com/@diskartengprobinsyano,@diskartengprobinsyano,Diskarteng Probinsyano,2690,254,4,"Channel description names computer, laptop and printer repair as core activity with no drift signals.",printer repair,UC_qKg79LDG68QGihmpSA7jg,hands,printer-repair,wave3,2026-09-15,filter,254,
https://www.youtube.com/@goluv2003,@goluv2003,golu vlogs 2003,802,401,4,Titles show real printhead replacement and printer service work across Epson/Canon models.,printer service,UCW_dTnMhertRk2CbUe3L9YQ,hands,printer-repair,wave1,2026-09-15,filter,461,
https://www.youtube.com/@gurukripacomputer,@GurukripaComputer,Gurukripa Computer,1810,148,4,Name and description directly indicate computer/laptop/printer repair tips channel with printer emphasis.,printer repair,UCB07LL1JL41fexMowSxzLcQ,hands,printer-repair,wave1,2026-09-15,filter,148,
https://www.youtube.com/channel/uc7zumdopy6nuktyyblq6dow,@hamidaltintop5449,Hamid Altintop,41,90,4,Printer/laptop/computer repair and toner refill shop with a printhead replacement title shown.,servis printer,UC7ZuMdopy6nUKTyyBLq6DOw,hands,printer-repair,wave1,2026-09-15,filter,91,
https://www.youtube.com/channel/ucvbqkd_kzxwyrv24esagtmg,@ink_hat,ink Hat,46,54,4,"Repair channel with title showing Epson dot-matrix printer head ribbon replacement, hands-on PC and printer repairs.",printer repair,UCvbqkd_kzXwyRv24ESaGTmg,hands,printer-repair,wave1,2026-09-15,filter,57,
https://www.youtube.com/@jackarif,@jackarif,jack arif,4130,815,4,"Self-described Epson printer repair technician channel, thin but on-topic bio.",servis printer,UCLV1Mr8ch9g3j6JELJMfWLg,hands,printer-repair,wave1,2026-09-15,filter,815,
https://www.youtube.com/@jcbcomputer,@JCBCOMPUTER,JCB COMPUTER,15200,327,4,Dedicated channel explicitly covering printer repair and computer repair with hands-on tips and tricks framing.,printer repair,UCG9NHOh_OUFP78fZMS5X3Hw,hands,printer-repair,wave4,2026-09-15,filter,327,laptop-computer-repair:3
https://www.youtube.com/@jwaladewangan,@JwalaDewangan,The Printing Knowledge ,3140,162,4,Channel name and description directly indicate printer repair and printing knowledge videos as core content.,printer repair,UCzCgoAoOQy5mXppyB2PWLpA,hands,printer-repair,wave1,2026-09-15,filter,162,
https://www.youtube.com/@plotterrepairing1288,@plotterrepairing1288,graphics point.. plotter repairing,3100,443,4,"Dedicated plotter repair shop name with spare parts contact, thin but on-topic evidence.",plotter repair,UCvANcdqiWCfesANPCUtfgug,hands,printer-repair,wave1,2026-09-15,filter,443,
https://www.youtube.com/@printerexpertbyalimortada5658,@printerexpertbyalimortada5658,Printer Expert By Ali Mortada,1370,350,4,"Dedicated printer repair and parts business channel, name and description centered on printer servicing.",printer repair | printer repairing,UCdu_rNs6bBW1FkkpKCCH6_w,hands,printer-repair,wave3,2026-09-15,filter,350,
https://www.youtube.com/@rjprint,@RjPrint,RJ PRINT Malang,1940,303,4,"Short bio names printer repair and parts as core business, plain repair-shop signal.",servis printer,UCR-p-YJYxSEOsIg_V-UjyyQ,hands,printer-repair,wave3,2026-09-15,filter,303,
https://www.youtube.com/@rohitdailyvblog,@rohitdailyvblog,Rohit raj,23,66,4,Dedicated printer repairing centre channel with titles showing specific error code fixes like HP display and paper problems.,printer repair | printer repairing,UCQpjNU9uexjgDrXREqz7K7g,hands,printer-repair,wave1,2026-09-15,filter,62,
https://www.youtube.com/@sabar-it,@sabar-IT,Sabar Hossain,440,123,4,"Titles show real Epson printer fault fixes (blinking lights, page jam) alongside other IT services.",printer repair,UCtj9XbPsrweV01wdR-mT7TQ,hands,printer-repair,wave1,2026-09-15,filter,127,
https://www.youtube.com/@sachinnirmal9555,@Sachinnirmal9555,Sachin Nirmal9555,2200,74,4,"Dedicated printer service and repair shop channel with shop address, thin but on-topic evidence.",printer service,UCzKPOv_AQO1awZOnvh83UfQ,hands,printer-repair,wave1,2026-09-15,filter,74,
https://www.youtube.com/@sarathacopier,@SaravDigits,Sarav Digits,1070,237,4,Photocopier and printer service channel focused on troubleshooting error codes across Xerox and Canon models.,printer service,UCgLutm1Z64xH_w8UfbJsmpw,hands,printer-repair,wave3,2026-09-15,filter,234,
https://www.youtube.com/@sualaptop24,@sualaptop24,Dũng PT ,514,69,4,"Titles show real printhead replacement, reset procedures and print quality fixes on Canon/Brother printers.",sửa máy in,UCPaWn5ptOSQb6NSWyC6RBfA,hands,printer-repair,wave4,2026-09-15,filter,77,laptop-computer-repair:2
https://www.youtube.com/@syifaservice6999,@syifaservice6999,SYIFA service,1360,135,4,"Printer-focused channel covering repair, servicing, resetting across multiple brands with some review overlap.",servis printer,UCXH0mqUHevcRnTGlOx7sH4A,hands,printer-repair,wave1,2026-09-15,filter,135,
https://www.youtube.com/@tarowalatech,@tarowalatech,Tarowala tech,2010,215,4,Dedicated printer/computer/mobile problem-solving channel with clear printer repairing focus in description.,printer repair | printer repairing,UCApoeGO7oSOKQTailFSQ3ww,hands,printer-repair,wave3,2026-09-15,filter,215,
https://www.youtube.com/@techepsonsupport,@techepsonsupport,tech epson support,5770,65,4,Dedicated Epson printer repair channel promising detailed hands-on repairing content per description.,printer service,UCEdiJvKUfXjxGNCePLmk57g,hands,printer-repair,wave1,2026-09-15,filter,65,
https://www.youtube.com/@techyoutuber1993,@techyoutuber1993,TECH YOUTUBER,426,60,4,"Tech troubleshooting channel with a title showing Epson L3110 head cable replacement, a real printer repair task.",printer repair | printer repairing,UCNMlWNqUyEhicq_lp7J59SA,hands,printer-repair,wave1,2026-09-15,filter,60,
https://www.youtube.com/@tecnotic1981,@TecnoTic1981,TecnoTic,4560,193,4,Spanish tech channel focused on printer repair video tutorials plus computer and CCTV hardware work.,reparación de impresoras,UCit7bzIE4brUGewRgJYZvww,hands,printer-repair,wave2,2026-09-15,filter,193,
