url,handle,name,subscribers,videos_count,score_0_5,reason,discovery_keywords,channel_id,vertical,topic,stage,scored_at,source,live_videos_count
https://www.youtube.com/@annguyen_vintageclock,@AnNguyen_VintageClock,Ân Nguyễn,362,101,5,"Vietnamese channel explicitly about mechanical watch repair/restoration, mainspring winding and oiling.",antique clock restoration,UCnoEXnc4axrjRr3NJX3nuvQ,hands,watch-clock-repair,wave2,2026-09-14,scraper,101
https://www.youtube.com/@ateliertictac,@AtelierTicTac,Atelier Tic & Tac,131,63,5,"Dedicated vintage watch restoration channel showing disassembly, cleaning, and rebuilding of found watches plus custom builds.",réparation montre mécanique,UCC3bX4sBN6ohPjaRMTK9WVQ,hands,watch-clock-repair,wave2,2026-09-14,scraper,63
https://www.youtube.com/@bestwatch5265,@bestwatch5265,Часовой Доктор . Ремонт Часов . Watch Repair,4460,168,5,Russian watchmaker with 30 years' experience sharing repair and servicing secrets for mechanical and quartz watches.,watch repair,UCIEf9xiJynQZoHJExlAlI8Q,hands,watch-clock-repair,full,2026-09-09,scraper,168
https://www.youtube.com/@bynabe,@bynabe,by nabe,685,113,5,Watch disassembly and repair channel featuring Rolex/Patek movement teardown steps.,clock movement repair | reparación de relojes | conserto de relógio,UCtWmEH1jwlmSRgX7NNOEczA,hands,watch-clock-repair,wave1,2026-09-14,scraper,113
https://www.youtube.com/@clickspring,@Clickspring,Clickspring,692000,132,5,Dedicated clock and watchmaking channel showing detailed machining and building of mechanical clocks from scratch.,watchmaker workshop,UCworsKCR-Sx6R6-BnIjS2MA,hands,watch-clock-repair,wave2,2026-09-14,scraper,132
https://www.youtube.com/@colescuckooclockshop754,@colescuckooclockshop754,Coles’ Cuckoo Clock Shop,613,110,5,"Shop dedicated entirely to cuckoo clocks — repairs, services and explains cuckoo clock mechanisms.",clock repair,UCu4sBU64l8ZzBZ7mY4w7rEQ,hands,watch-clock-repair,full,2026-09-09,scraper,110
https://www.youtube.com/@csspinner,@csspinner,C Spinner Watch Restorations,50800,106,5,Dedicated vintage/antique watch restoration channel with balance staff replacement keyword match.,vintage watch restoration | balance staff replacement | pocket watch restoration,UCgauBHVjmcc-irYUbp0wYfw,hands,watch-clock-repair,wave1,2026-09-14,scraper,106
https://www.youtube.com/@cuckoorestorations,@CuckooRestorations,Cuckoo Restorations,307,118,5,Dedicated cuckoo clock restoration channel bringing vintage clocks back to life on camera.,cuckoo clock repair,UCoTSuvBoEnTb2eT89JzG1yA,hands,watch-clock-repair,wave1,2026-09-14,scraper,118
https://www.youtube.com/@jeffersonclockworks,@JeffersonClockWorks,Al Takatsch,5390,95,5,"Dedicated clock repair channel explaining wheel mechanics, wear diagnosis and restoration to original function.",cuckoo clock repair | grandfather clock repair,UC4FRTbWEQyrwPKnycZRH2cA,hands,watch-clock-repair,wave1,2026-09-14,scraper,95
https://www.youtube.com/@maniaderelogios,@maniaderelogios,Mania de Relógio,19600,858,5,"Dedicated professional watchmaking channel with titles showing full restorations, repairs and bench work step by step.",relojoeiro restauração,UC4UVQpMOPdxNr7Hb5R3Xszw,hands,watch-clock-repair,wave2,2026-09-14,scraper,858
https://www.youtube.com/@microgearrestorations,@MicroGearRestorations,MicroGear Restorations,94,50,5,"Dedicated restoration/documentary channel detailing disassembly, ultrasonic cleaning, balance wheel calibration and refinishing.",watch movement service | vintage watch restoration,UCZskNcTSRrbfLl76aNsop1g,hands,watch-clock-repair,wave1,2026-09-14,scraper,50
https://www.youtube.com/@minnesotaclocksandwatches,@MinnesotaClocksandWatches,Minnesota Clocks and Watches,5400,59,5,Dedicated clock/watch channel featuring teardown/rebuilds and case restoration of mechanical clocks and watches.,pocket watch restoration,UC9g1MKR7xSepQlDgVRWS-KQ,hands,watch-clock-repair,wave1,2026-09-14,scraper,59
https://www.youtube.com/@mundodarelojoaria,@mundodarelojoaria,Mundo da Relojoaria,13100,551,5,Dedicated watchmaking channel with titles showing full mechanical watch restorations like Seiko movements.,conserto de relógio,UCg4qv4nivMIKK-Ft-c92iYQ,hands,watch-clock-repair,wave1,2026-09-14,scraper,551
https://www.youtube.com/@myhobbiesarenotcheap,@myhobbiesarenotcheap,My Hobbies are NOT Cheap,6410,53,5,Dedicated pocket watch restoration and repair channel with tutorials on tools and techniques.,clock movement repair | pocket watch restoration,UCx-o6X2tMjvhLtr_GlS8qWQ,hands,watch-clock-repair,wave1,2026-09-14,scraper,53
https://www.youtube.com/@oldwatchrestorations,@OldWatchRestorations,Old Watch Restorations,537,51,5,"Dedicated old watch restoration channel giving watches second life, clear on-topic hobbyist repairer.",watch movement disassembly | clock movement repair,UC18RqO2UT8PNUxtmH-S65fw,hands,watch-clock-repair,wave1,2026-09-14,scraper,51
https://www.youtube.com/@ravitimes6788,@ravitimes6788,Ravi Times,2420,87,5,"Dedicated to repairing and servicing antique clocks and watches from multiple countries, on-bench service focus.",clock repair,UC-J3GWimoIA25RcyDEUTFcA,hands,watch-clock-repair,trial25,2026-09-09,scraper,87
https://www.youtube.com/@sammythewatchmaker,@SammyTheWatchmaker,Sammy The Watchmaker,762,53,5,Self-taught watchmaker channel showing full vintage watch restorations and movement teardowns/reassemblies on bench.,clock movement repair | watchmaker at the bench,UCeK_kVs4fDFbBC-zy-kzRbw,hands,watch-clock-repair,wave1,2026-09-14,scraper,53
https://www.youtube.com/@takumiada,@takumiada,Ada Takumi,482,177,5,Dedicated antique clock restoration craftsman channel showing full repair/restoration process of wooden clock cases and movements.,機械式時計 修理,UCPaLjnTugW3oV-uUbdIThCw,hands,watch-clock-repair,wave2,2026-09-14,scraper,177
https://www.youtube.com/@theblackforestclockshop,@TheBlackForestClockShop,James Stewart,1230,70,5,Dedicated Black Forest clock restoration and repair channel documenting the repair journey.,clock movement repair | cuckoo clock repair,UCmmHTA6dD9v4sLXqFzV2Gsg,hands,watch-clock-repair,wave1,2026-09-14,scraper,70
https://www.youtube.com/@timeservisearsk-8239,@timeservisearsk-8239,Timeservise Arsk - ремонт часов,1750,57,5,Dedicated channel showing full disassembly and assembly of Soviet and foreign mechanical watches plus reviews.,ремонт часов,UCuii1TkN_cluZLVMMPAynHg,hands,watch-clock-repair,wave1,2026-09-14,scraper,57
https://www.youtube.com/@vacc,@VACC,pinpallet20 / The Vintage Alarm Clock Club,876,347,5,"Dedicated vintage/synchronous alarm clock repair and discussion channel, clear on-topic focus.",clock movement repair,UCK2SMPUoSffzp8am1ri6I-Q,hands,watch-clock-repair,wave1,2026-09-14,scraper,347
https://www.youtube.com/@valentechtime,@ValentechTime,Valentech,5680,263,5,Dedicated channel demonstrating techniques and procedures for repairing/restoring watches and clocks.,vintage clock repair,UCNkn-lW-Hxf_zDpHIbimk7A,hands,watch-clock-repair,wave2,2026-09-14,scraper,263
https://www.youtube.com/@vintagewatchtinkerer,@vintagewatchtinkerer,Vintage Watch Tinkerer,3650,72,5,Hobbyist vintage watch repair channel dedicated to hands-on servicing enjoyment.,watch movement service | vintage watch restoration | watch movement disassembly | clock movement repair,UCV0BEsJI4JmP2b0jIsabiKQ,hands,watch-clock-repair,wave1,2026-09-14,scraper,72
https://www.youtube.com/@watchmeditation,@WatchMeditation,Watch Meditation,208,52,5,"Dedicated watchmaking channel describing servicing, restoring watches at the bench with escapements and springs.",watch movement disassembly | clock movement repair,UCkgzX13a9nzaHznh34Wb0Cw,hands,watch-clock-repair,wave1,2026-09-14,scraper,52
https://www.youtube.com/@watchrestorationanytimewear,@watchrestorationanytimewear,Watch Restoration from JAPAN (AnyTimeWear) + GOLF,26200,1613,5,Dedicated Japanese watchmaker channel showing unedited full overhauls from disassembly to assembly.,vintage watch restoration | reparación de relojes | conserto de relógio,UCgVKn5MyBPLdNxDVnGT8GPg,hands,watch-clock-repair,wave1,2026-09-14,scraper,1613
https://www.youtube.com/@wheretimehasnoteeth-w1y,@WhereTimehasnoTeeth-w1y,Where Time has no Teeth,79,100,5,Playful but clearly dedicated vintage watch repair channel fixing balance wheels and tiny screws.,watch movement service | pocket watch restoration,UCdOlnNlmQ-MSG5T0EahaluA,hands,watch-clock-repair,wave1,2026-09-14,scraper,100
https://www.youtube.com/@all_watch_repair,@All_watch_repair,All_Watch_repair,56,65,5,"Tutorial channel dedicated to watch repair, restoration and servicing, guiding viewers through fixing and maintaining automatic movements at home.",watch repair,UCGfZj6PqQ42GykzNRfVpBMg,hands,watch-clock-repair,full,2026-09-09,both,65
https://www.youtube.com/@antiqueclockspendulantic4771,@antiqueclockspendulantic4771,Antique Clocks Pendulantic,156,89,5,Antique clock and pocket watch restoration workshop showing detailed craftsmanship and full revisions on camera.,horloger,UCg6l94vWsFMJJm4jBopxA5A,hands,watch-clock-repair,wave1,2026-09-14,both,98
https://www.youtube.com/@atelier_horlogerie_lc,@Atelier_Horlogerie_LC,Atelier_Horlogerie_LC,44,51,5,"Independent watchmaker's channel with titles on chronograph regulation, escapement, Kif Parachoc demos—clear bench repair content.",horloger,UCHf2juUmZYWCWMjoQX6keyQ,hands,watch-clock-repair,wave1,2026-09-14,both,56
https://www.youtube.com/@atmosrepair,@atmosrepair,Curt's Clocks (Atmos Repair Specialist),2240,88,5,"Dedicated Atmos repair specialist: cleaning, oiling, rebuilding movements, restorations, complete services.",clock repair,UC_VVLm5EY2dQSIAAXQyS3FA,hands,watch-clock-repair,full,2026-09-09,both,88
https://www.youtube.com/@clockrepairsmerseyside8303,@clockrepairsmerseyside8303,Clock repairs Merseyside,5910,116,5,"Dedicated antique clock restoration channel covering mechanical movement and case repair, trained by traditional clockmakers.",clock repair,UCTeoT213ToaRTSkrPOAZo9Q,hands,watch-clock-repair,trial25,2026-09-09,both,116
https://www.youtube.com/@diywatchclub,@DIYWatchClub,DIY Watch Club,61200,182,5,Dedicated DIY watch building/modding channel with Seiko mod and build tutorials.,watchmaker | watchmaking | watch movement service | watch crystal replacement | Seiko NH35 mod build | servis jam tangan,UCvhp8ZqXfeWO3u5V2ftnVvw,hands,watch-clock-repair,wave1,2026-09-14,both,182
https://www.youtube.com/@finewinding,@FineWinding,Fine Winding,2320,242,5,"Hands-on vintage watch restoration channel documenting bench work, servicing and research explicitly.",watchmaking | watch restoration | vintage watch restoration | pocket watch restoration,UCiaZciELEGlEMK5570vHlKw,hands,watch-clock-repair,wave1,2026-09-14,both,242
https://www.youtube.com/@horolojistt,@Horolojistt,Horolojist,26700,75,5,"Dedicated vintage watch restoration channel showing full disassembly, cleaning and reassembly step by step.",watchmaker | watchmaking | watch restoration | horology | pocket watch restoration,UCeXKRBokVaHksixgs59D-gw,hands,watch-clock-repair,wave1,2026-09-14,both,75
https://www.youtube.com/@justvintagewatches,@JustVintageWatches,Just Vintage Watches,77,107,5,Dedicated vintage watch restoration channel with hands-on workbench movement revival content.,watchmaker | watch repair | watch restoration | horology | vintage watch restoration,UCFNpy1yyUisYUZ1VlqvXrwQ,hands,watch-clock-repair,wave1,2026-09-14,both,186
https://www.youtube.com/@kai-ps9wt,@Kai-ps9wt,Kai  ช่างไก่,310,93,5,Dedicated Thai cuckoo clock repairman channel showing actual clock repair work on camera.,clock repair | cuckoo clock repair,UC0WjM0Yp0C_yEAeUjjkUJpw,hands,watch-clock-repair,wave1,2026-09-14,both,104
https://www.youtube.com/@karol235,@Karol235,Omega Independent LTD,7210,345,5,"Watchmaker's workshop channel dedicated to servicing old watches, maintenance and repairs as daily work.",watchmaker | watchmaking | vintage watch restoration | servis jam tangan,UC-K2qFuEbHeFsHvBwtb3ZUQ,hands,watch-clock-repair,wave1,2026-09-14,both,346
https://www.youtube.com/@latelierduchronographe,@latelierduchronographe,L'atelier du chronographe Paul LINEL,2500,75,5,"Artisan watchmaker specializing in restoration, maintenance and repair of watches, pendulums and clocks with technical explanations.",horloger,UCcZ5jizV0oXwxe992WHPMDw,hands,watch-clock-repair,wave1,2026-09-14,both,75
https://www.youtube.com/@masterwatchmaker,@MasterWatchmaker,Master Watchmaker,106000,166,5,Dedicated watch restoration workshop channel showing real damaged watches brought back to life on bench.,watchmaker | watch restoration | clock movement repair | watchmaker at the bench,UCvYdh0ITL1KyPMmHD84kwXw,hands,watch-clock-repair,trial100,2026-09-14,both,167
https://www.youtube.com/@miami_watchmaker,@Miami_watchmaker,Miami_watchmaker,740,106,5,"Professional watchmaker showing behind-the-scenes servicing, overhauls and repairs on luxury and everyday mechanical watches, real hands-on work described.",watch repair,UC-_UR6Zb8Dbh31_lKpD-piw,hands,watch-clock-repair,full,2026-09-09,both,109
https://www.youtube.com/@michael.mansshardt,@michael.mansshardt,Michael Manßhardt | Uhrmachermeister,906,127,5,Watchmaker/restorer channel explicitly showing real workshop practice and antique clock/watch restorations.,Uhrmacher,UCoO_gWE2tpov4tXCkUvqSGA,hands,watch-clock-repair,wave1,2026-09-14,both,133
https://www.youtube.com/@montrerestauration,@MontreRestauration,Montre & Restauration,14100,55,5,"Dedicated vintage watch restoration channel teaching disassembly, cleaning, oiling on the bench, self-taught format.",horloger,UC_6NUhQGVgB_UyLzWGogilA,hands,watch-clock-repair,wave1,2026-09-14,both,55
https://www.youtube.com/@myretrowatches,@MyRetroWatches,My Retro Watches,124000,290,5,Self-taught watch restoration channel with titles like 'Can I Restore This Watch' and a failed Seiko service save.,watch repair,UCrz0Jj03nmXP9opijc7_B_A,hands,watch-clock-repair,act100,2026-09-10,both,290
https://www.youtube.com/@nekkidwatchmaker,@NekkidWatchmaker,Nekkid Watchmaker,371000,113,5,"Watchmaker channel dedicated to servicing and restoring watches, hands-on bench work per its own description.",watch repair,UCSJ7LRO4GaHZdzowk2-7hJw,hands,watch-clock-repair,trial25,2026-09-09,both,113
https://www.youtube.com/@relojeriavelozqui,@relojeriavelozqui,relojeria velozqui,3220,58,5,"Dedicated channel teaching step-by-step repair, restoration and maintenance of mechanical/automatic/quartz watches.",relojería | reparación de relojes antiguos | relojería taller,UC2mczLpx5qsGg8HN0KROHTQ,hands,watch-clock-repair,wave2,2026-09-14,both,58
https://www.youtube.com/@relotecnic,@Relotecnic,Relotecnic,1690,119,5,"Dedicated watchmaker channel explicitly teaching disassembly, cleaning, oiling and restoration of mechanical movements.",relojero | reparación de relojes,UCaYUIae_lEYrBxSwMNDMuhg,hands,watch-clock-repair,wave1,2026-09-14,both,119
https://www.youtube.com/@repivot2253,@repivot2253,Repivot22,7700,55,5,Antique watch and clock repairer documenting lathe and pivot work on vintage timepieces.,watchmaker | mainspring replacement watch,UC1qYmcA5sX-ZjEA7ScJ8Azw,hands,watch-clock-repair,wave1,2026-09-14,both,55
https://www.youtube.com/@restorationwatchoriginal,@RestorationWatchOriginal, Restoration Watch Original,914,60,5,Dedicated restoration channel with detailed videos on restoring Vostok and mechanical/pocket watches step by step.,watchmaker | watchmaking | watch restoration | pocket watch restoration,UCnAfT7dPliQQIvnKl4hP47g,hands,watch-clock-repair,wave1,2026-09-14,both,98
https://www.youtube.com/@restoremn,@restoremn,clockmakers clock gallery,1190,251,5,"Dedicated antique/vintage clock repair and restoration channel covering cuckoo, mantel and grandfather clocks.",clock repair | clock movement repair | cuckoo clock repair | grandfather clock repair,UClRKJcVXB2kHrWkvlXGYdKw,hands,watch-clock-repair,wave1,2026-09-14,both,251
https://www.youtube.com/@robinnanceclockrepair,@RobinNanceClockRepair,Robin Nance Clock Repair,1050,211,5,Established clock repair business channel with decades of experience restoring grandfather and mantel clocks.,clock repair,UCKqhdqKpIieG4RBfqGd1bHQ,hands,watch-clock-repair,full,2026-09-09,both,214
https://www.youtube.com/@scottiesclockworld,@ScottiesClockWorld,Scottie's Clock World,10800,953,5,"Dedicated antique clock restoration channel showing bench work like mainspring repair, wheel fixing, screw bluing.",clock repair | cuckoo clock repair,UCQbucrL9ZwKog5WwObLyNeg,hands,watch-clock-repair,wave1,2026-09-14,both,953
https://www.youtube.com/@srcbrokentime,@SRCBrokenTime,Broken Time,209,123,5,Beginner's watch repair and restoration journey channel documenting the hands-on process step by step.,watch repair,UCsVHUHIK1Tvzf63fstkUTPA,hands,watch-clock-repair,full,2026-09-09,both,135
https://www.youtube.com/@strangerepair,@StrangeRepair,上海怪叔叔修表Uncle Strange Repairs Watches,2130,773,5,Dedicated watchmaker channel focused on mechanical watch repair and mechanics for enthusiasts.,clock repair,UCxyyF0KdLOYQtjDjJN7Q27Q,hands,watch-clock-repair,wave1,2026-09-14,both,773
https://www.youtube.com/@szekaryelswatchspareparts12288,@szekaryelswatchspareparts12288,Szekaryel's Watch Spare Parts and Repair,1280,273,5,"Description explicitly says the channel is mostly watch repair, restoration and cleaning of vintage watches and parts.",watch repair,UCcv4F8lLdw0I4mEL0jD6juQ,hands,watch-clock-repair,trial25,2026-09-09,both,273
https://www.youtube.com/@thedyslexicclockmaker,@TheDyslexicClockmaker,The Dyslexic Clockmaker,312,84,5,Dedicated clock repair shop channel; owner repairs every type of clock and films the shop work.,clock repair,UCppmq9MgtF8M4jMnTFCdFsg,hands,watch-clock-repair,full,2026-09-09,both,84
https://www.youtube.com/@thewatchmakersbench,@TheWatchmakersBench,The Watchmaker's Bench,1320,149,5,"Wrist watch tutorials, watchmaking and restoration how-to videos filmed from a dedicated home workshop, clearly on-bench.",watch repair,UCfktOHGoNm4sk49HIOftZFQ,hands,watch-clock-repair,full,2026-09-09,both,150
https://www.youtube.com/@thewatchrepairlearner,@TheWatchRepairLearner,The Watch Repair Learner,596,132,5,Hobbyist channel entirely devoted to documenting a personal watch repair learning journey.,clock repair,UCh6yqQD1P2vfGULEGqE72ng,hands,watch-clock-repair,full,2026-09-09,both,137
https://www.youtube.com/@ticktockpro,@TickTockPro,Tick Tock Productions,13700,100,5,Dedicated clock and watch repair education channel with full courses on antique clock/watch restoration.,watch repair | clock repair | clock movement repair | pocket watch restoration | watch repairing course,UClGXLPcdXbUYTLD5hSOvrIg,hands,watch-clock-repair,wave1,2026-09-14,both,100
https://www.youtube.com/@timelymatter,@TimelyMatter,Timely Matter,2860,142,5,"Professional watchmaker's channel explicitly covering repairs, servicing and restorations at the bench.",watchmaking | watch repair | horology | watch movement service | clock movement repair | pocket watch restoration,UC8cZQGPng6bjC1bijAu2hmw,hands,watch-clock-repair,wave1,2026-09-14,both,142
https://www.youtube.com/@toadhorologist,@ToadHorologist,Toad Horologist,767,100,5,Dedicated horologist channel servicing vintage wristwatches and antique pocket watches on camera.,watch repair,UC-AP_1x1gkpEEOpdDhtiyVA,hands,watch-clock-repair,full,2026-09-09,both,100
https://www.youtube.com/@tommyjobson,@TommyJobson,Tommy Jobson,26200,89,5,"Dedicated bespoke clockmaker offering full repair and restoration service, channel built to show his hands-on bench work.",clock repair,UCGcv0lW-SRgNco8Zkim5vXw,hands,watch-clock-repair,full,2026-09-09,both,89
https://www.youtube.com/@vintage-watches-survivor,@Vintage-watches-survivor,Vintage watches survivor,86,61,5,Dedicated vintage watch restoration channel with in-depth repair tutorials and troubleshooting guides.,watch repair,UCdqtGXdYcklKXfRcP2YE6YQ,hands,watch-clock-repair,full,2026-09-09,both,61
https://www.youtube.com/@vintagepocketwatchrepair,@VintagePocketWatchRepair,Pocket Watch Rescue,595,102,5,Pocket watch restoration hobbyist channel with detailed disassembly/reassembly video series by movement and case.,watchmaker | vintage watch restoration | clock movement repair | pocket watch restoration,UCShE87hrT6AhBen1ACFi2_Q,hands,watch-clock-repair,wave1,2026-09-14,both,126
https://www.youtube.com/@watch-restorer,@Watch-Restorer,Watch Restorer ,363000,233,5,Dedicated watch restoration channel focused on movement repair and the craft of watchmaking per its description.,watch repair,UC7DU-GYjbtdQIzTrO45VKKA,hands,watch-clock-repair,full,2026-09-09,both,233
https://www.youtube.com/@watch.repairing,@Watch.repairing,Watch repairing,393,64,5,"Generic-sounding but on-topic description of disassembly, cleaning and lubrication tutorials across wristwatches to complex mechanicals.",watch repair,UCX2aKO4DMuageZ0owGyKIOA,hands,watch-clock-repair,full,2026-09-09,both,64
https://www.youtube.com/@watchmakerchris,@WatchmakerChris,Watchmaker Chris,222,68,5,"Dedicated hobbyist channel showing full step-by-step vintage watch movement disassembly, cleaning, and reassembly.",watchmaking | watch movement service | watch movement disassembly | clock movement repair,UCzjAcTfD9LlUAhRfbV8OtzQ,hands,watch-clock-repair,wave1,2026-09-14,both,73
https://www.youtube.com/@watchodyssey4894,@watchodyssey4894,Watch Odyssey,900,51,5,Dedicated vintage pocket watch restoration channel with detailed long-form repair videos using vintage watchmaker tools.,watchmaker | pocket watch restoration,UCnmLCzoSAp7oxNaOh1wa3ng,hands,watch-clock-repair,wave1,2026-09-14,both,63
https://www.youtube.com/@watchrepairchannel,@WatchRepairChannel,Watch Repair Channel,293000,141,5,"Watch Repair Channel by Mark Lovick, dedicated to watch repairs and restorations performed on camera.",watch repair,UC7vSOnpUocYq0z8oiYFk0zQ,hands,watch-clock-repair,full,2026-09-09,both,141
https://www.youtube.com/@watchrepairtutorials,@watchrepairtutorials,Watch Repair Tutorials,70100,88,5,Dedicated free watch-repair lesson channel covering all aspects of repair for beginners and advanced learners.,watch repair,UCXV8h3I9pnfZuDpg6xEM_8w,hands,watch-clock-repair,full,2026-09-09,both,88
https://www.youtube.com/@watchrepairworld1203,@watchrepairworld1203,  عالم تصليح الساعات  Watch repair world ,32300,496,5,Arabic channel of practical watch-repair lessons showing parts under a microscope to explain how watches work.,watch repair,UCDD-r_te9vu7fJpDmDdLiqQ,hands,watch-clock-repair,act100,2026-09-10,both,500
https://www.youtube.com/@watchrestorationchannel1061,@watchrestorationchannel1061,Watch Restoration Channel,3200,76,5,Dedicated channel showing movement and case restorations plus machining work like turning and milling.,watchmaking | watch restoration | watch movement service | vintage watch restoration | pocket watch restoration,UCjZSXS8wB-U86rSWfJjDb9Q,hands,watch-clock-repair,wave1,2026-09-14,both,76
https://www.youtube.com/@watchrestorationcottage,@WatchRestorationCottage,Watch Restoration Cottage,2620,51,5,"Hobbyist channel dedicated to restoring antique pocket watches, sharing vintage horology repair work in detail.",watch repair,UCl23110ZvciTKp9dXEE2H6Q,hands,watch-clock-repair,trial25,2026-09-09,both,51
https://www.youtube.com/@watchwithmike,@WatchWithMike,WATCH with Mike,16200,152,5,"Dedicated learning-journey channel documenting vintage mechanical watch teardown, cleaning, diagnostics and restoration.",watch repair,UCxzOZyDPg05JBLYm4-1f_jA,hands,watch-clock-repair,full,2026-09-09,both,152
https://www.youtube.com/@watchwizard,@watchwizard,Watch Wizard Service,9090,380,5,"Self-described watchmaker showing assembly and disassembly of quartz and mechanical movements, a dedicated repair channel.",watch repair,UCRn1eULKskub16qGfJEsLdQ,hands,watch-clock-repair,act100,2026-09-10,both,381
https://www.youtube.com/@weekendwatchrepair,@WeekendWatchRepair,Weekend Watch Repair,30900,69,5,"Hobbyist watchmaker documenting full teardown, troubleshooting, casework and reassembly of old mechanical watches.",watch repair,UCRmSkqKTlLVf9epzW95OaoA,hands,watch-clock-repair,full,2026-09-09,both,69
https://www.youtube.com/@welwynwatches5976,@welwynwatches5976,WelwynWatches,7910,113,5,Independent horologist and parts supplier channel dedicated to sharing watch repair work and hobbyist knowledge.,watch repair | watch movement service | clock movement repair | watchmaker at the bench,UCKzrE_-RJZC7hVQjSVPPzOg,hands,watch-clock-repair,wave1,2026-09-14,both,113
https://www.youtube.com/@wristwatchrescue,@WristwatchRescue,Wristwatch Rescue,212000,219,5,Dedicated vintage watch restoration channel showing full disassembly and repair process on camera.,watchmaker | watch restoration | vintage watch restoration | watch movement disassembly | clock movement repair,UCTaona-umYM_sXyYMog1s7Q,hands,watch-clock-repair,wave1,2026-09-14,both,219
https://www.youtube.com/@wristwatchrevival,@WristwatchRevival,Wristwatch Revival,1220000,529,5,"Hobbyist restorer bringing broken/neglected vintage watches back to life, restoring history — a classic on-bench vintage watch restoration channel.",watch repair,UCD80T1s2Za4K682CQDGwEKQ,hands,watch-clock-repair,act100,2026-09-10,both,532
https://www.youtube.com/@yatsugatake-zenmaiya,@yatsugatake-zenmaiya,【時計の修理・販売】八ヶ岳ゼンマイ屋,1110,286,5,Dedicated antique clock repair shop channel with mainspring/weight clock restoration courses and repair videos.,reparación de relojes | ремонт часов,UCDg8h_GDJFc5aMUs1DpmGew,hands,watch-clock-repair,wave1,2026-09-14,both,286
https://www.youtube.com/@%e9%92%9f%e8%a1%a8%e4%b9%8b%e5%ae%b6swisswatches,@%E9%92%9F%E8%A1%A8%E4%B9%8B%E5%AE%B6SwissWatches,Asian Top Chronosmith,796,268,5,"Titles show full Rolex movement/case restoration and repair process on camera, dedicated repair channel.",horology,UC-PIPwasuS4X3rRqPSKuCAA,hands,watch-clock-repair,wave1,2026-09-14,filter,539
https://www.youtube.com/@antoine-beauchamp,@antoine-beauchamp,Antoine Beauchamp,4470,964,5,"Dedicated channel teaching NH35 movement assembly, watch building and repair skills step by step.",horloger,UCH6OJ3ffjHoOIXMPJ4eG85w,hands,watch-clock-repair,wave1,2026-09-14,filter,964
https://www.youtube.com/@artisan_du_temps,@Artisan_du_temps,L’artisan du temps,718,111,5,Dedicated antique watch restoration channel showing full micro-mechanical restorations of fusee and coq movements.,horloger,UCbTBr5ez8NDEhL_UF9Exygw,hands,watch-clock-repair,wave1,2026-09-14,filter,112
https://www.youtube.com/@atelierducalibre,@AtelierduCalibre,L'Atelier du Calibre,14500,62,5,Dedicated channel showing full restoration and servicing steps of vintage watch movements.,horloger,UCVWSDR3Vrdp6_lTf-tvB1xQ,hands,watch-clock-repair,wave1,2026-09-14,filter,62
https://www.youtube.com/@ezequiasrelojoeiro,@EzequiasRelojoeiro,Ezequias Relojoeiro,121000,1872,5,"Watchmaker since 1998 teaching watch repair on camera, dedicated repair education channel.",watchmaker | watch repair,UColstsIwQ9JTWyW7ozVsi6Q,hands,watch-clock-repair,wave1,2026-09-14,filter,1872
https://www.youtube.com/@luxurywatchkh,@LuxuryWatchKH,Luxury Watch KH,110,105,5,Dedicated watch repair channel with titles showing actual restoration/repair of vintage watches on bench.,watchmaker | watch repair,UCT2aFmuJaRfUZBHS_Lq1oAw,hands,watch-clock-repair,trial100,2026-09-14,filter,103
https://www.youtube.com/@msappleseed,@MsAppleseed,Orlin Rusev,620,294,5,"Hobbyist watchmaker showing detailed vintage movement disassembly, assembly and lubrication step by step.",watchmaker,UCrAVX7NnQeExhBBR86EdHLQ,hands,watch-clock-repair,wave1,2026-09-14,filter,405
https://www.youtube.com/@oldguyponderingacareerch-ip9tf,@Oldguyponderingacareerch-ip9tf,"Old guy, Career change",1000,67,5,Career-change vlogger documenting his watchmaking school training and actual pocket watch restoration and repairs.,watchmaking,UCHRSkdG84Lof8ZEd8ZB9EuA,hands,watch-clock-repair,wave1,2026-09-14,filter,89
https://www.youtube.com/@orchardwatchandclockrepair8346,@orchardwatchandclockrepair8346,Orchard watch and clock repairs,186,144,5,"Family watch repair channel with titles showing Rolex movement, mainspring work on bench.",watch repair,UCF9zD2_MNdLy_QROrsUHl3g,hands,watch-clock-repair,trial100,2026-09-14,filter,147
https://www.youtube.com/@perrysclockshoppe-clocksal7414,@perrysclockshoppe-clocksal7414,Perry's Clock Shoppe - Clock Sales & Service,75,78,5,Full-service clock restoration shop with titles showing multi-part clock restoration/conservation series.,clock restoration,UCkbShr_1qbD_4NtEGvgsicA,hands,watch-clock-repair,wave2,2026-09-14,filter,78
https://www.youtube.com/@trikinatany,@trikinatany,Trikinatany,335,64,5,Dedicated NH35/kit watch build channel showing assembly and modification step by step.,watchmaking | horology,UCQOn2ilyMw2LUTic_PTbSiw,hands,watch-clock-repair,wave1,2026-09-14,filter,106
https://www.youtube.com/@vidaderelojoeiro,@vidaderelojoeiro,Vida de Relojoeiro,4430,75,5,Professional watchmaker with 29 years experience posting video lessons repairing watches of various brands and models.,relojoeiro,UCqrqq_LYd7KOL7rqXz4bo7Q,hands,watch-clock-repair,wave1,2026-09-14,filter,75
https://www.youtube.com/@watchesfarm,@watchesfarm,WATCHES FARM,915,64,5,"Titles show real vintage watch restorations, crystal replacement, glass work and movement servicing on bench.",watchmaking,UC95lWW1k8vCfg6o9716ZBkQ,hands,watch-clock-repair,wave1,2026-09-14,filter,64
https://www.youtube.com/@watchmakingtools,@watchmakingtools,Watchmaking Tools,162,52,5,Hands-on servicing and repair channel with movement testing titles like Valjoux drive train checks.,watchmaking,UCsBdXVqfV_fQ-LnAaqvDgYg,hands,watch-clock-repair,wave1,2026-09-14,filter,52
https://www.youtube.com/@%c4%90%e1%bb%93ngh%e1%bb%93v%c4%83nngh%c4%a9a,@%C4%90%E1%BB%93ngH%E1%BB%93V%C4%83nNgh%C4%A9a,Đồng Hồ Văn Nghĩa,2040,638,4,"Dedicated antique watch repair and oiling shop with import sales, name and description strongly support repair focus.",sửa đồng hồ cơ,UCKP6xsm4BGCeCjAWkN1qYvw,hands,watch-clock-repair,wave2,2026-09-14,scraper,638
https://www.youtube.com/@%e9%87%91%e7%9b%9b%e9%8c%b6%e6%a5%ad,@%E9%87%91%E7%9B%9B%E9%8C%B6%E6%A5%AD,金盛錶業,154,77,4,Watch repair/restoration titles including flea market Rolex finds and #WatchRepair tags show hands-on bench work.,机械表维修,UCvylOUtP9iQFElXmseaRZ3w,hands,watch-clock-repair,wave2,2026-09-14,scraper,77
https://www.youtube.com/@%ec%a4%80%ec%8a%a4%ed%83%80%ec%9d%98%ec%8b%9c%ea%b3%84%ec%83%9d%ed%99%9c,@%EC%A4%80%EC%8A%A4%ED%83%80%EC%9D%98%EC%8B%9C%EA%B3%84%EC%83%9D%ED%99%9C,Junstar’s Watch Life,9100,727,4,"Custom watch assembly/building hobbyist channel showing hands-on watch builds, strong fit for build category.",시계 수리,UC03LLKv5vPkyFHbgP6rqUyg,hands,watch-clock-repair,wave2,2026-09-14,scraper,727
https://www.youtube.com/@120clicks66,@120CLICKS66,120 CLICKS,685,70,4,Watch collector/repairer channel focused on vintage Seiko divers with repair and restoration content.,watch crystal replacement,UCDNClZB158n3lkZx0hziKBg,hands,watch-clock-repair,wave1,2026-09-14,scraper,70
https://www.youtube.com/@480ft,@480ft,Watch Service,118,123,4,Dedicated watch/lighter repair and restoration channel matching topic directly by name and description.,watch overhaul,UCxxh5bYLfPdTtgBax_UyvdA,hands,watch-clock-repair,wave2,2026-09-14,scraper,123
https://www.youtube.com/@analogwatch26,@analogwatch26,아날로그워치 | Analog Watch Repair,5130,218,4,"Korean watch repair specialty shop posting repair-related videos from its physical store, with moderate promotional shop framing.",watch repair,UC5Y3-tVlON-OWo81EptS6EQ,hands,watch-clock-repair,full,2026-09-09,scraper,218
https://www.youtube.com/@andreymolnija,@AndreyMolnija,Andrey Ponomarev,580,336,4,"Watch repair, restoration and pocket-watch conversion described, mixed with organ music content.",ремонт часов,UCfDkORoINEYUk9x6bMHtT2g,hands,watch-clock-repair,wave1,2026-09-14,scraper,338
https://www.youtube.com/@antiqueclocksin,@AntiqueClocksin,Antique Clocks Service & Repairs ,445,344,4,Dedicated antique clock repair channel focused on cuckoo clock work.,watch movement service,UC_e919ejWR7WO0kAgv_9quA,hands,watch-clock-repair,wave1,2026-09-14,scraper,344
https://www.youtube.com/@antiquepocketwatches,@antiquepocketwatches,Antique Pocket Watches,3340,1583,4,"Antique pocket watch channel focused on restoration, repair and collecting content.",vintage watch restoration | watch movement disassembly | clock movement repair | pocket watch restoration,UCvRvqtReDr2JfHyZzOlTNxg,hands,watch-clock-repair,wave1,2026-09-14,scraper,1584
https://www.youtube.com/@automatictimetravel,@Automatictimetravel,Automatic Time Travel,170,111,4,"Dedicated channel on antique/automatic watch and clock servicing tips based in Chennai, aligns strongly with repair topic.",antique clock restoration,UCxa88p4ZOXVHinJLireS99A,hands,watch-clock-repair,wave2,2026-09-14,scraper,111
https://www.youtube.com/@benhviendongho,@Benhviendongho,Bệnh Viện Đồng Hồ,9570,257,4,Vietnamese 'Watch Hospital' service business channel focused on mechanical watch repair (sửa đồng hồ cơ).,anniversary clock repair | sửa đồng hồ cơ,UCF-GcZLE96Fz-8TaMTJKFBQ,hands,watch-clock-repair,wave2,2026-09-14,scraper,257
https://www.youtube.com/@briggstimelessrepairs01101,@BriggsTimelessRepairs01101,Briggs’s Timeless Clock Repairs,181,98,4,"Repair-named channel with confirming one-line description: repairs clocks in Massachusetts, low other evidence.",clock repair,UCT9JMjwEa8UOUhGW2HfPg_Q,hands,watch-clock-repair,full,2026-09-09,scraper,104
https://www.youtube.com/@brunoluzoliveira8955,@brunoluzoliveira8955,Luz Relojoeiro ,92,76,4,Professional watchmaker channel explicitly offering maintenance and restoration services for wristwatches.,relojoeiro restauração,UCoWnOoYzxWHci-QkQUrKTxg,hands,watch-clock-repair,wave2,2026-09-14,scraper,76
https://www.youtube.com/@btcwatchesmelbourne,@BTCWatchesMelbourne,BTC Watches Melbourne,412,75,4,"Independent watchmaker channel showing estate finds, parts sorting and repair/service work at the bench.",watchmaker at the bench,UCXuhNxvs80mApRNRv39UhEw,hands,watch-clock-repair,wave1,2026-09-14,scraper,75
https://www.youtube.com/@bunnspecial,@bunnspecial,bunnspecial,16500,309,4,"Self-described horological videos by an amateur, humor aside, indicates genuine watch repair content.",clock movement repair,UCH2tip12T74yMFqU-JaGoIQ,hands,watch-clock-repair,wave1,2026-09-14,scraper,309
https://www.youtube.com/@chessiva,@chessiva,Chessiva,44,88,4,Chess clock repair/restoration channel showing cleaned and oiled clocks after service.,vintage clock repair,UCqq65NArFSuB3ksaJEfwdpQ,hands,watch-clock-repair,wave2,2026-09-14,scraper,88
https://www.youtube.com/@clocklover0110,@clocklover0110,古時計愛好家のわったん Wattan clock lover,762,220,4,"Young clockmaker collecting and building mechanical clocks, mixes repair/research/production with low upload frequency.",機械式時計 修理,UCNgnDoRSOiA4KKsUVmKJXXg,hands,watch-clock-repair,wave2,2026-09-14,scraper,220
https://www.youtube.com/@cloud-cafe,@cloud-cafe,CLOUD-Cafe,57,58,4,"Dedicated watch repair and custom shop emphasizing overhaul necessity, professional watchmaking service focus.",機械式時計 修理,UCTgS6zYMI0t-GMrUVgMwFhA,hands,watch-clock-repair,wave2,2026-09-14,scraper,58
https://www.youtube.com/@creators918,@Creators918,created by creator,273,145,4,"Family watch repair channel with 40 years experience, videos showing actual repair process implied.",vintage watch restoration,UCQJGbqLveobm2UfICtibu6A,hands,watch-clock-repair,trial100,2026-09-14,scraper,145
https://www.youtube.com/@desmontandoeltiempo,@desmontandoeltiempo,DESMONTANDO EL TIEMPO,3380,122,4,Spanish amateur watchmaking channel name directly signals hands-on repair content ('relojeria amateur').,relojería taller,UCvGWTEDz9exPvZCPGsttZcw,hands,watch-clock-repair,wave2,2026-09-14,scraper,122
https://www.youtube.com/@dokterjamindonesia,@dokterjamindonesia,Dokterjam,962,95,4,"Dedicated watch service specialist channel covering overhaul, parts replacement, movement maintenance and modding.",servis jam tangan,UCG81gMHfBWzeVkj8LIWY_Rg,hands,watch-clock-repair,wave1,2026-09-14,scraper,96
https://www.youtube.com/@donghocoductho-haiphong,@Donghocoductho-haiphong,Đồng hồ cổ Đức thọ Hải phòng,5470,382,4,"Antique clock/watch shop explicitly offering repair, maintenance and oiling services.",sửa đồng hồ cơ,UCNe3TaHtkFnFHL6bMxPFuYA,hands,watch-clock-repair,wave2,2026-09-14,scraper,382
https://www.youtube.com/@duyquanhp,@DuyQuanHP,Sửa đồng hồ cơ cổ,5240,638,4,"Antique mechanical watch oiling/servicing and regulation shop, name and description align strongly with repair work.",sửa đồng hồ cơ,UCNEr_Xx7YfXp8G1vZoQDTMQ,hands,watch-clock-repair,wave2,2026-09-14,scraper,638
https://www.youtube.com/@electromech8931,@electromech8931,ElectroMech,1610,244,4,Vintage watch repair and restoration channel with clear focus on mechanical/automatic watch repair work.,watch movement service | watch movement disassembly | clock movement repair,UClbHQESv3W2NO3Pk_HZflLQ,hands,watch-clock-repair,trial100,2026-09-14,scraper,244
https://www.youtube.com/@elliotcoll,@elliotcoll,Elliot Coll,388000,473,4,Watch repair/restoration channel with explicit service and restoration attempt titles like Seiko Willard.,vintage watch restoration | Seiko NH35 mod build,UC15BJjhPr4d5gTClhmC4HRw,hands,watch-clock-repair,wave1,2026-09-14,scraper,473
https://www.youtube.com/@godtiermods,@GodTierMods,GodTierMods,6780,172,4,Dedicated Seiko mod build channel with NH35/NH34 tutorials and dial/case/hands breakdowns.,Seiko NH35 mod build,UCTfKoz85h-Vt_BDSR5LdRyg,hands,watch-clock-repair,wave1,2026-09-14,scraper,172
https://www.youtube.com/@inhinh7053,@inhinh7053,Đình Định,114,186,4,"Antique watch supply and repair service nationwide, dedicated watch repair focus.",sửa đồng hồ cơ,UCv1HcElDwQjWPud31tNte_Q,hands,watch-clock-repair,wave2,2026-09-14,scraper,186
https://www.youtube.com/@instrumentservicesinc.3338,@instrumentservicesinc.3338,"Instrument Services, Inc.",69,51,4,"Specialist automotive/aircraft clock and gauge restoration business, quartz conversion kits alongside real repair work.",clock repair,UCio3dsCtPxRSSj8aO1BYl5g,hands,watch-clock-repair,full,2026-09-09,scraper,51
https://www.youtube.com/@jarosawwilczynski6778,@jarosawwilczynski6778,Jarosław Wilczyński,3760,53,4,"Polish channel explicitly about clockmaking repairs and horology history, short repair films described.",clock movement repair,UCOlYJSjVrvtkuo9XW7iEYCA,hands,watch-clock-repair,wave1,2026-09-14,scraper,53
https://www.youtube.com/@jbwatchmods,@jbwatchmods,jbwatchmods,48000,77,4,"Dedicated watch modding/build channel with NH35-style builds, though not a trained watchmaker.",Seiko NH35 mod build,UCkJcDUGnzca7h_pag_bsXzw,hands,watch-clock-repair,trial100,2026-09-14,scraper,77
https://www.youtube.com/@jjs_horological_collection,@JJs_Horological_Collection,JJ’s horological collection,962,274,4,Clock collector learning professional clock repair with hands-on repairing described.,vintage clock repair | horologist,UCpCMwK4rrhCzFLLcKjeoyGg,hands,watch-clock-repair,wave2,2026-09-14,scraper,274
https://www.youtube.com/@josuesampedro,@JosueSampedro,Sampedro’s Clock Boutique,431,106,4,Clock collector channel explicitly promising restoration techniques and step-by-step antique clock work.,antique clock restoration,UCT2dECQQL1s4CpcfSEuIkNQ,hands,watch-clock-repair,wave2,2026-09-14,scraper,106
https://www.youtube.com/@justmike57,@justmike57,Just Mike,9710,597,4,"Hobbyist clock repairer, especially cuckoo clocks, but casual personal-channel framing lowers confidence.",clock repair,UC590hyQNK3TodVNfrzkMoxw,hands,watch-clock-repair,full,2026-09-09,scraper,597
https://www.youtube.com/@karniwatch,@Karniwatch,Karni watch,2590,117,4,"Multi-generation family watch repair shop servicing mechanical and quartz watches, description centered entirely on repair craft.",watch repair,UCkZuWdkZdc-sk5jbhNqhrXA,hands,watch-clock-repair,trial25,2026-09-09,scraper,117
https://www.youtube.com/@kevinnolanmakes,@KevinNolanMakes,Kevin Nolan Makes,1480,76,4,"Clock making and machining channel, aligns with hands-on clock movement work.",clock movement repair | grandfather clock repair,UCKbO8Kjfk-LhQ2YAP5HhZfQ,hands,watch-clock-repair,wave1,2026-09-14,scraper,76
https://www.youtube.com/@kuwait-e6j,@Kuwait-e6j,shyam horology Q8,121,242,4,"Titles show restoration, watchmaking, service explain and amplitude testing for luxury brands like Rolex/Hublot/Cartier.",servis jam tangan,UCtL9tdTbGN6H0K72EOmGqLw,hands,watch-clock-repair,wave1,2026-09-14,scraper,243
https://www.youtube.com/@laststopwatchchannel,@laststopwatchchannel,The Last Stop Watch Channel,3250,185,4,"Watch builds, repair and reviews channel with hands-on watchmaking content mixed with reviews.",vintage clock repair | watch repair shop,UCeyWPMNoVIPRAGRWILb1FRQ,hands,watch-clock-repair,wave2,2026-09-14,scraper,185
https://www.youtube.com/@longtienvuqn,@longtienvuqn,Đồng hồ cổ quảng yên,258,190,4,Antique clock restoration and repair shop with clear specialization in vintage clocks.,sửa đồng hồ cơ,UC3Y138FJPEQ_Y4n6SHT3Tkw,hands,watch-clock-repair,wave2,2026-09-14,scraper,190
https://www.youtube.com/@lukebuildswatches,@LukeBuildsWatches,LukeBuildsWatches,161000,52,4,Name and shop link suggest a dedicated watch-building/modding channel selling parts and tools.,watch modding tutorial,UC9DZoJECRZNANy6qMVi-gxw,hands,watch-clock-repair,wave2,2026-09-14,scraper,52
https://www.youtube.com/@luxwatchmods,@LUXWatchMods,LUX Watch Mods,189,195,4,"NH35/VK63 watch modding studio transforming movements, aligns with build/mod scope.",chronograph movement service,UCo1JGPi-yRaNTqsM8Wmp7Ig,hands,watch-clock-repair,wave2,2026-09-14,scraper,195
https://www.youtube.com/@madani_kamsi,@madani_kamsi,Madani Kamsi,956,57,4,Indonesian channel explicitly for tutorials repairing mechanical automatic/manual watches.,chronograph movement service,UCd5Lu7cduIVYW49cRRtsGSQ,hands,watch-clock-repair,wave2,2026-09-14,scraper,57
https://www.youtube.com/@magodosrelogios,@magodosrelogios,Mago dos Relógios ,111,148,4,"Watch repair teaching channel with bench demonstrations and step-by-step practical instruction, strong topical alignment.",conserto de relógio,UCX3ecvAUNFwM7sXdGnWGXQw,hands,watch-clock-repair,wave1,2026-09-14,scraper,148
https://www.youtube.com/@marktaylorthemasterclockmaker,@MarkTaylorTheMasterClockmaker,Mark Taylor - The Master Clockmaker,621,83,4,"Clock and barometer restoration specialist shop with BHI credentials, likely showing real restoration work.",horologist | clockmaker | Uhr reparieren Uhrwerk,UCon6yilSHcBiZDN575GP7-g,hands,watch-clock-repair,wave2,2026-09-14,scraper,83
https://www.youtube.com/@miguelbricabrac,@MiguelBricaBrac,MiguelBricaBrac,111,81,4,"Self-described watch repairer documenting tinkering journey, on-topic but limited description detail.",vintage watch restoration,UCL6_79_CLJ_kSZnpw54uJVA,hands,watch-clock-repair,wave1,2026-09-14,scraper,81
https://www.youtube.com/@newlifetooldwatch,@NewLifeToOldWatch,New Life to your Old Watch,575,107,4,"Watch restoration/case transformation service with galvanic lab, mariage watch builds implied.",watch movement service | servis jam tangan,UCIJWdL8K_5OTxJ61boyZ_dQ,hands,watch-clock-repair,wave1,2026-09-14,scraper,107
https://www.youtube.com/@onlinewatchacademy,@onlinewatchacademy,藤本信和 / オンラインウォッチアカデミー,10700,262,4,Watchmaking academy by certified technician teaching mechanical watch repair techniques via video lessons.,機械式時計 修理,UCO5Ho926sEZ4gKDMm5vd8eg,hands,watch-clock-repair,wave2,2026-09-14,scraper,262
https://www.youtube.com/@pogodzinach-zegarmistrz,@pogodzinach-zegarmistrz,Po Godzinach zegarmistrz,842,51,4,Second-generation professional watchmaker channel describing clock and watch repair services as a hobby.,naprawa zegarków,UC9KFtrCh7zcg-0WoujtR9Nw,hands,watch-clock-repair,wave2,2026-09-14,scraper,51
https://www.youtube.com/@qu%e1%bb%91cth%e1%bb%8bnh,@Qu%E1%BB%91cTh%E1%BB%8Bnh,Mr.Cuckoo,4140,296,4,Dedicated antique clock repair channel (cuckoo clocks) with DIY mechanical/electronic content mixed in.,sửa đồng hồ cơ,UClfMTt47Ez5mIgap4KwZHdQ,hands,watch-clock-repair,wave2,2026-09-14,scraper,296
https://www.youtube.com/@raffi.arloji,@Raffi.Arloji,Raffi Arloji,6240,689,4,"Watch repair technician channel covering service, parts and movement education with hands-on focus.",servis jam tangan,UCIm-vsm7cksyG4E7nZ-_-gw,hands,watch-clock-repair,wave1,2026-09-14,scraper,689
https://www.youtube.com/@relojerialalo5328,@relojerialalo5328,Relojeria Lalo,1230,124,4,"Watch repair workshop channel mentioning Swiss technique servicing and complex repairs, original parts.",reparación de relojes,UCy-oHIM8ngHjFG0APng08kw,hands,watch-clock-repair,wave1,2026-09-14,scraper,124
https://www.youtube.com/@relojesfix,@RelojesFix,RelojesFix,453,197,4,"Dedicated watch repair/restoration channel description mentions mechanical and quartz servicing, tutorials.",reparación de relojes,UCc44d6ro4XtO4QXvu13oXCQ,hands,watch-clock-repair,wave1,2026-09-14,scraper,197
https://www.youtube.com/@restoration_watch,@Restoration_watch,Vintage Watch Restoration,2340,55,4,"Vintage watch restoration channel giving old watches new life, name and description strongly on-topic.",vintage watch restoration,UClEbeslV-RTkq6CpJpPZ1wA,hands,watch-clock-repair,wave1,2026-09-14,scraper,55
https://www.youtube.com/@restoringtimeworkshop,@RestoringTimeWorkshop,Restoring Time Workshop,128,227,4,Vintage watch restoration channel showing disassembly/cleaning of Soviet watches like Wostok and Leningrad.,vintage watch restoration | pocket watch restoration,UCrJwI_BAvNuRFtJdU-GJlqQ,hands,watch-clock-repair,wave1,2026-09-14,scraper,227
https://www.youtube.com/@ronjoiner,@ronjoiner,Antiquevintageclock,693,50,4,Dedicated antique/vintage mechanical clocks channel covering how-to and horological topics.,antique clock restoration,UCTYsQYm1EAQFht2XkG-j23g,hands,watch-clock-repair,wave2,2026-09-14,scraper,50
https://www.youtube.com/@s.spencertenagodus8051,@s.spencertenagodus8051,s.spencer tenagodus,671,73,4,"Dedicated to restoring old pendulum clocks including failures, strong hands-on repair focus.",antique clock restoration,UCQuJlGXi4uSxqC1fPyLME_g,hands,watch-clock-repair,wave2,2026-09-14,scraper,73
https://www.youtube.com/@sahabatjam,@sahabatjam,Sahabat jam,228,161,4,Watch and clock repair service channel with tutorials on watches and clocks.,servis jam tangan,UCgehdHC7l6NGhWNqN9SeoqA,hands,watch-clock-repair,wave1,2026-09-14,scraper,161
https://www.youtube.com/@solarisrelojoaria,@SolarisRelojoaria,Solaris Relojoaria,135,132,4,Watch repair and restoration workshop sharing behind-the-scenes service and aesthetic recovery of watches.,conserto de relógio,UCl7zQM8bqFaOJaVm58lz3RQ,hands,watch-clock-repair,wave1,2026-09-14,scraper,132
https://www.youtube.com/@soulwatch,@soulwatch,Александр Данильчук,6020,77,4,Russian watch repair channel with clear repair-focused handle and description ('watch repair without pretense').,reparación de relojes | conserto de relógio | ремонт часов,UCt1OFCJKgOkFp5sxh9c5twA,hands,watch-clock-repair,wave1,2026-09-14,scraper,77
https://www.youtube.com/@spencerkleinvintagewatch,@SpencerKleinVintageWatch,Spencer Klein,21200,2246,4,"Professional watchsmith specializing in vintage Seiko restoration, though videos are customer evaluation walkthroughs rather than pure bench footage.",watch repair,UCJPoD7tRUvKFIoDpIzy8WfA,hands,watch-clock-repair,trial25,2026-09-09,scraper,2249
https://www.youtube.com/@stopsecunda,@stopsecunda,СТОПСЕКУНДА.РФ,298,89,4,Professional watch repair shop in Moscow explicitly showing repair and service work on channel.,ремонт часов,UC4AkjhxbWkE4Cz2nk42sZPw,hands,watch-clock-repair,wave1,2026-09-14,scraper,89
https://www.youtube.com/@suachuadonghoonline,@suachuadonghoonline,KỸ THUẬT ĐỒNG HỒ,1090,73,4,"Named watch repair/service channel sharing repair experience, likely bench-focused with modest evidence.",sửa đồng hồ cơ,UCEaZ67_Usec7lEPN5w5LgBg,hands,watch-clock-repair,wave2,2026-09-14,scraper,73
https://www.youtube.com/@talinowatches,@talinowatches,TALINO WATCHES (servis jam ),2480,339,4,Watch service documentation channel explicitly focused on watch repair activities.,servis jam tangan,UCBIBLCJOo6Pqq3N-utb0Zmw,hands,watch-clock-repair,wave1,2026-09-14,scraper,339
https://www.youtube.com/@talkingtimehorology,@talkingtimehorology,Talking Time ,49,57,4,"Amateur watchsmith channel focused on restoring vintage/antique pocket and wrist watches, on-bench work implied.",pocket watch restoration,UCSTTkxT4SzUOfj-famNgTyw,hands,watch-clock-repair,wave1,2026-09-14,scraper,57
https://www.youtube.com/@thaitranquan1648,@thaitranquan1648,Thái Trần Quan,638,63,4,"Vintage watch restoration and repair shop dealing in Omega, Longines, Rolex with clear repair focus.",sửa đồng hồ cơ,UCHRkvR3NUVk8zITVavWEMAg,hands,watch-clock-repair,wave2,2026-09-14,scraper,63
https://www.youtube.com/@theclockworkscio,@theclockworkscio,The Clockworks,224,67,4,Museum dedicated to electrical horology with workshop and clock repair behind-the-scenes content.,clock movement repair,UCchbEPoquxqV8sAQcA-nCPQ,hands,watch-clock-repair,wave1,2026-09-14,scraper,67
https://www.youtube.com/@thegearsoftime,@TheGearsOfTime,TheGearsOfTime,118,100,4,Watch inventory/selling channel but titles show real crown gasket replacement and polishing work on vintage Seiko/Rolex pieces.,watch crystal replacement,UC_7CfMRt0E3Nyv65gWTPveQ,hands,watch-clock-repair,wave1,2026-09-14,scraper,100
https://www.youtube.com/@thuansonglo7956,@thuansonglo7956,Thuận Sônglô,267,375,4,"Channel explicitly dedicated to watch repair tutorials, maintenance tips and care guides.",sửa đồng hồ cơ,UCMUyBKkvaC4Vjo5ZLLz5CXg,hands,watch-clock-repair,wave2,2026-09-14,scraper,375
https://www.youtube.com/@tiktakzegarki,@TikTakZegarki,WatchesHunter,13,56,4,"Watch restoration channel with titles showing Seiko, Tissot bracelet and vintage watch restorations on bench.",naprawa zegarków,UC4fi0l0eq7MLCNDXEOXz1eg,hands,watch-clock-repair,wave2,2026-09-14,scraper,56
https://www.youtube.com/@timeless_tickers,@timeless_tickers,Timeless Tickers,2410,520,4,"Vintage watch restoration channel with relaxing detail-oriented repair videos, hobbyist restorer format.",vintage watch restoration | clock movement repair,UCCZmyshj7Vfb5Kxvra4wK3w,hands,watch-clock-repair,wave1,2026-09-14,scraper,520
https://www.youtube.com/@timerevive,@timerevive,TimE ReviVe,1120,68,4,Vintage watch restoration channel described as bringing old timepieces back to life.,clock movement repair,UCjrTSuW1uzW1bOzyDrcLgyw,hands,watch-clock-repair,wave1,2026-09-14,scraper,68
https://www.youtube.com/@ttt61111,@TTT61111,Watchman ,1310,57,4,Watch saving/restoring/servicing channel name directly matches on-bench repair topic.,watch movement disassembly,UCUmahVrPafJXnTq3Wm4j12A,hands,watch-clock-repair,wave1,2026-09-14,scraper,57
https://www.youtube.com/@uhrenbauer,@Uhrenbauer,DIY Uhrenbauer,10300,130,4,Dedicated DIY watch-building/repair channel teaching how to build or repair watches with tutorials.,watchmaker workshop | Uhr reparieren Uhrwerk,UCn5_LdXrL_h7OAnRK67pqcw,hands,watch-clock-repair,wave2,2026-09-14,scraper,130
https://www.youtube.com/@vintagewatchservices,@VintageWatchServices,Vintage Watch Services,136000,205,4,"Dedicated vintage-watch repair/restoration channel (Omega, Longines, Rolex and affordable pieces), but self-described banter/rambling pulls it down from 5.",watch repair,UCaoHoXGQL5BDONt4vbaTw_g,hands,watch-clock-repair,full,2026-09-09,scraper,205
https://www.youtube.com/@waleedalmosavy3041,@waleedalmosavy3041,ألمدرسة ألفنية لتعليم مهنة تصليح ألساعات ,1170,1037,4,"Dedicated watchmaking school teaching watch repair craft with practical training focus, strong topical fit.",reparación de relojes,UCVYy1FQYxks8svYPX7tCqAQ,hands,watch-clock-repair,wave1,2026-09-14,scraper,1037
https://www.youtube.com/@watch-repair,@watch-repair,watch repair,11200,187,4,Watch repair channel name directly describing repair videos of different watches.,watch movement disassembly,UCz0fmqaKTZaJr7sXSmgodgA,hands,watch-clock-repair,wave1,2026-09-14,scraper,187
https://www.youtube.com/@watch_nudes,@watch_nudes,watch_nudes_,14700,110,4,Hobbyist watch restoration channel finding vintage watches at flea markets and refurbishing them.,naprawa zegarków,UCVu_TnSkLmfocR1qeR6h6gA,hands,watch-clock-repair,wave2,2026-09-14,scraper,110
https://www.youtube.com/@watchero,@Watchero,Watchero,13500,111,4,Dedicated watch restoration/mod/repair channel covering vintage and modern watches with part swaps.,vintage watch restoration | reparación de relojes,UCG0DTIi86bBbIdGajcoCBPw,hands,watch-clock-repair,wave1,2026-09-14,scraper,111
https://www.youtube.com/@watchesofmark,@WatchesOfMark,Watches Of Mark,735,271,4,"Self-taught watch repairer channel focused on reviving dead watches from his collection, hands-on restoration focus.",watch movement service | watch movement disassembly | clock movement repair,UCsvWp-5OGx4sYTWZH8_7POQ,hands,watch-clock-repair,wave1,2026-09-14,scraper,271
https://www.youtube.com/@watchme-fix,@watchme-fix,WatchMe Fix,472,58,4,Repair-focused name and description mentioning mechanical/electronic watch repair and care.,quartz watch movement replacement,UCg2yevKzSaQI_dNCQRcTElw,hands,watch-clock-repair,wave2,2026-09-14,scraper,58
https://www.youtube.com/@watchrepairbaldo,@WatchRepairBaldo,Watch Repair Baldo,288,181,4,"Repair-branded name teaching DIY watch fixing in Filipino, tutorial format, low-evidence short description.",watch repair,UCBhRzZjbXZwGplOZxVaAFCw,hands,watch-clock-repair,full,2026-09-09,scraper,181
https://www.youtube.com/@watchrepairtoik,@WatchRepairToIk,WatchRepair TI,3780,416,4,"Watch repair-focused channel with blog on watch movements, dedicated to mechanical watch repair topics.",機械式時計 修理,UC6Fb3grt4ECfZkrLHaUiZTA,hands,watch-clock-repair,wave2,2026-09-14,scraper,416
https://www.youtube.com/@wmiyc,@WMIYC,Watch Me If You Can,3520,102,4,Channel explicitly focused on watch servicing and movement disassembly exploration.,watch movement service | watch movement disassembly | clock movement repair,UCt7utqcaBaw2UbwmShaWrjA,hands,watch-clock-repair,wave1,2026-09-14,scraper,102
https://www.youtube.com/@wristwatchesbyfaisal,@WristWatchesbyfaisal,WristWatches By Faisal,657,52,4,"Self-taught watch repair channel offering overhauls, battery/polish services, likely bench-focused content.",watch movement service | clock movement repair,UCYqQeobK1ofe8TOFjcWlkWw,hands,watch-clock-repair,wave1,2026-09-14,scraper,52
https://www.youtube.com/@zegarmistrz-rudaslaska,@Zegarmistrz-RudaSlaska,Śląska Pracownia Zegarmistrzowska,47,55,4,"Professional watchmaker workshop repairing and restoring Swiss watches and large clocks, description reads bench-focused.",naprawa zegarków,UCt2PjT0vvevNZiWPgQjRnig,hands,watch-clock-repair,wave2,2026-09-14,scraper,55
https://www.youtube.com/@zegarmistrz2675,@zegarmistrz2675,ZegarMistrz,9020,377,4,Channel explicitly dedicated to watch and clock repair hobbyists showing hands-on restoration principles.,naprawa zegarków,UC4pXvfia60yeFr6Sj1uplaQ,hands,watch-clock-repair,wave2,2026-09-14,scraper,377
https://www.youtube.com/@zhongzhen1976,@zhongzhen1976,震哥的奇思妙想,3440,195,4,"Hobbyist channel restoring vintage watches and old objects, Chinese-language bench work.",watch movement service | clock movement repair,UCJyc5M8nA7aVW79z-rvM0UQ,hands,watch-clock-repair,wave1,2026-09-14,scraper,195
https://www.youtube.com/@aachener-uhrenmanufaktur,@aachener-uhrenmanufaktur,Uhrmachermeister Kriescher,303,57,4,Certified watchmaker shop specializing in vintage Rolex service/revision with relevant repair-themed titles.,Uhrmacher | watch movement service,UCGjzQ-9XTQQyohY1MTHRvEQ,hands,watch-clock-repair,wave1,2026-09-14,both,57
https://www.youtube.com/@activeatom,@ActiveAtom,Active Atom,4260,56,4,Watchmaking and micromachining channel with bench-based hands-on work location described.,watchmaking | watchmaker at the bench,UCOjS3l5yAw8YTUs14y5obZw,hands,watch-clock-repair,wave1,2026-09-14,both,56
https://www.youtube.com/@alessandrorestivo,@AlessandroRestivo,Alessandro Restivo Orologiaio,14800,756,4,Self-identified watch repairer (orologiaio riparatore) sharing artisan repair work alongside some reviews.,orologiaio,UCMsRdYTyncK0NgZwdat1M_Q,hands,watch-clock-repair,trial100,2026-09-14,both,756
https://www.youtube.com/@bensuhren5140,@bensuhren5140,Ben`s Uhren,692,85,4,"Watchmaker channel with dial-making, crown, and maintenance/service titles showing hands-on watchmaking work.",Uhrmacher,UCgXlHhIcWc79UNDY46GkVHw,hands,watch-clock-repair,wave1,2026-09-14,both,81
https://www.youtube.com/@buildyourownwatch,@BuildYourOwnWatch,Build Your Own Watch,3990,50,4,Watch build kit company with detailed instructional assembly and casing videos.,watchmaker | watch movement service | clock movement repair,UCoXC_946AxVhDk1Muy7zzIA,hands,watch-clock-repair,trial100,2026-09-14,both,50
https://www.youtube.com/@cheryladair732,@cheryladair732,Adair's Repairs,800,163,4,"Channel dedicated to beginner clock repair videos, though scope limited to fixing small issues.",clock repair,UCR5haeZ4BoaUdhq6Y8B5O1w,hands,watch-clock-repair,full,2026-09-09,both,163
https://www.youtube.com/@chronoglidewatchmaking,@ChronoglideWatchmaking,Chronoglide Watchmaking Academy,63000,1047,4,"Watchmaking academy with real repair tutorials from a vintage-watch specialist, but weekly live-stream AMA format pulls it down one tier.",watch repair,UCgxSTAUCx4JbT5J0ako61Ww,hands,watch-clock-repair,act100,2026-09-10,both,1048
https://www.youtube.com/@chronoplatinum,@chronoplatinum,CHRONO PLATINUM,6790,106,4,"Luxury watch service channel describing assembly, regulation, repair and lubrication of movements.",watch movement service | servis jam tangan,UCyWppj1qfd64CpunOlb6Oyg,hands,watch-clock-repair,wave1,2026-09-14,both,106
https://www.youtube.com/@cornehluhren01,@CornehlUhren01,Cornehl Uhren,2390,216,4,"Watchmaking channel explicitly covering restoration, dial/hands/parts work at the bench.",watchmaker | watchmaking | vintage watch restoration | pocket watch restoration,UClKy5Fz6JkEg5awhXdJOOWw,hands,watch-clock-repair,trial100,2026-09-14,both,216
https://www.youtube.com/@ddaavvee,@ddaavvee,ddaavvee,1810,198,4,"Hobbyist channel showing watch assembly processes in detail, self-described as research-driven trial and error.",watchmaker | clock movement repair,UCYpt3jbbHQsG1TsZ6jvQNVQ,hands,watch-clock-repair,wave1,2026-09-14,both,198
https://www.youtube.com/@elrelojeroaficionado,@ElRelojeroAficionado,The amateur watchmaker,93800,252,4,"Community-focused watchmaking channel emphasizing movement repair and restoration, though evidence is mostly from description.",watchmaking | horology | reparación de relojes,UCTiMQxDD6tea97O7Oyf4tAw,hands,watch-clock-repair,wave1,2026-09-14,both,253
https://www.youtube.com/c/euril%c3%a2nrelojoeiro,@Euril%C3%A2nRelojoeiro-Watchmaker,Eurilân Relojoeiro -Watchmaker,8530,221,4,"Watchmaker since 1994 sharing knowledge and experience, likely bench-focused repair content though no titles given.",relojoeiro,UCJRl_ExLZmmiZUi-aEApDfQ,hands,watch-clock-repair,wave1,2026-09-14,both,221
https://www.youtube.com/@fourfortyfourpm,@FourFortyFourPM,Four_Forty_Four_PM,5480,117,4,"Seiko modding and custom watch building service provider, fits build/mod scope.",watch movement service,UCyaxY8wwug2uyajEFN1uktg,hands,watch-clock-repair,wave1,2026-09-14,both,117
https://www.youtube.com/@frenchwatchcollector,@FrenchWatchCollector,French Watch Collector,19900,211,4,"Hobbyist explicitly fixing and servicing watches and sharing the work, though the 'Collector' name suggests some collection content.",watch repair,UCMnfc0zJ2_WsiTRcfUXh4dA,hands,watch-clock-repair,trial25,2026-09-09,both,211
https://www.youtube.com/@ganeshwatch,@Ganeshwatch,Watch Repair,131,103,4,"Repair shop since 1980 servicing wrist watches and wall clocks; promotional 'trusted, genuine service' tone, no visible tutorial signals.",watch repair,UC9OfpvQHGyhP-TiEaCVcpAQ,hands,watch-clock-repair,full,2026-09-09,both,103
https://www.youtube.com/@growntime_2024,@Growntime_2024,Grown Time Service,682,136,4,"Dedicated watch repairing and servicing tutorial channel with step-by-step framing, though the description reads as generic templated text.",watch repair,UC7GfHCiOoTlXRZfahygKH-A,hands,watch-clock-repair,full,2026-09-09,both,136
https://www.youtube.com/@gulfcoastclock,@GulfCoastClock,Gulf Coast Clock Co,4180,125,4,Clock repair and restoration company posting repair videos plus shop events; mostly bench work with some vlog-style content.,clock repair,UC5Eh-vy7hm4zGzQ8yeiCjFQ,hands,watch-clock-repair,full,2026-09-09,both,125
https://www.youtube.com/@horologybiology,@HorologyBiology,Horology Biology Watches,33300,124,4,Watch restoration and servicing tutorial channel mixed with watch chat and valuation business content.,watch restoration | horology | watch movement service | vintage watch restoration | watch repairing course,UCltvV5y6oRzjvgCaISwaIqw,hands,watch-clock-repair,wave1,2026-09-14,both,124
https://www.youtube.com/@hospitaldosrelogios,@Hospitaldosrelogios,Hospital dos Relógios,11900,726,4,Watch repair shop channel mixing technical behind-the-scenes repair content with flea market hunting and product reviews.,watchmaking | conserto de relógio,UCuFI2mth7gvmTfuIzuju04w,hands,watch-clock-repair,wave1,2026-09-14,both,726
https://www.youtube.com/@ideal.watch.service,@ideal.watch.service,Ideal Watch Service,296,186,4,"Repair-shop name 'Ideal Watch Service' plus 'Watchmaker' bio implies dedicated service, but one-line description gives lower confidence.",watch repair,UCr-QMEH-DNloXJL8BHWxpkQ,hands,watch-clock-repair,trial25,2026-09-09,both,186
https://www.youtube.com/@insidethestudio,@insidethestudio,Inside The Studio,256,96,4,Watchmaking and jewelry-making tutorial studio channel with bench/machining focus.,watchmaking | watchmaker at the bench,UCMr5BvGWimufUQDiemyYbxg,hands,watch-clock-repair,trial100,2026-09-14,both,96
https://www.youtube.com/@intimemiami,@InTimeMiami,In Time Miami Corp,95,65,4,"Third-generation watchmaker specializing in Rolex overhauls and restoration, sharing repair journey and techniques.",watchmaker | watch repair | clock movement repair,UCBu0yeyRW0SW_0F0iir-mWQ,hands,watch-clock-repair,wave1,2026-09-14,both,65
https://www.youtube.com/@jilaniwatch-ht3ez,@JilaniWatch-ht3ez,Jilani Watch,1580,260,4,Dedicated watch restoration channel using personal expertise to show restoration videos.,watch restoration | vintage watch restoration,UCAe7ziw9x0BXQaaqeFwgIaQ,hands,watch-clock-repair,wave1,2026-09-14,both,260
https://www.youtube.com/@jimmysalpineclockshop,@JimmysAlpineClockShop,Jimmy's Alpine Clock Shop,1800,58,4,Established clock repair and restoration shop channel focused on horologist's professional work.,clock movement repair | cuckoo clock repair | grandfather clock repair,UCnjrdbiDLibHsUUcHmG_3Fw,hands,watch-clock-repair,wave1,2026-09-14,both,58
https://www.youtube.com/@lhwatches,@LHwatches,LH Watches,5030,67,4,"Spanish-language channel dedicated to watch restoration, repair and customization by a hobbyist.",vintage watch restoration | watch movement disassembly | reparación de relojes,UC7KyaGw7LqhP0LKlO8c9sbQ,hands,watch-clock-repair,wave1,2026-09-14,both,67
https://www.youtube.com/@magicwatchmaking,@MagicWatchmaking,Magic Watchmaking,31000,58,4,Dedicated watch restoration channel with detailed process videos and before-after transformations.,watchmaking | watch restoration | horology | watch movement service | vintage watch restoration | clock movement repair | servis jam tangan,UCQcuKLV27hn1nhLM8hDW_KA,hands,watch-clock-repair,trial100,2026-09-14,both,58
https://www.youtube.com/@mikekorn2792,@mikekorn2792,Mike Korn,671,171,4,Local clock repairman's one-line description names a Denver repair business; no titles or further detail to raise confidence.,clock repair,UCqnCeNjlcZTkvU2fV7ITz4A,hands,watch-clock-repair,full,2026-09-09,both,171
https://www.youtube.com/@narendrad3362,@narendrad3362,Watch Repair Channel (Narendra Dhore),981,613,4,Dedicated repair channel mixing battery replacement and strap adjustment (out-of-scope) with wall-clock movement repair and DIY watch repair tips.,watch repair,UCAp4qU_Js7Se_Jk7xkMLSgA,hands,watch-clock-repair,full,2026-09-09,both,619
https://www.youtube.com/@natecharleswatches,@natecharleswatches,Nate Charles Watches,31400,159,4,"Trained watchmaker/jeweller explicitly showcasing repairs, restorations and crafting on channel.",watchmaker | vintage watch restoration | clock movement repair,UCKS5nT5ovYpUQDii_nprDsg,hands,watch-clock-repair,wave1,2026-09-14,both,159
https://www.youtube.com/@onlyvintagewatches,@onlyvintagewatches,OnlyVintageWatches.com - George Clarkson,3750,155,4,"Watch repairer and restorer of vintage chronographs, likely showing hands-on service work despite thin description.",watchmaking | watch repair | vintage watch restoration,UCx6gG1mrYuyoEKC0miaqQew,hands,watch-clock-repair,wave1,2026-09-14,both,155
https://www.youtube.com/@otechtvwatch,@otechtvwatch,Otech tv,2240,78,4,"Experienced watchmaker channel with tutorials on disassembly, restoration and maintenance techniques.",watch repair | watch movement disassembly | clock movement repair,UCN0rCmp1USSb-5n0cef1ueQ,hands,watch-clock-repair,wave1,2026-09-14,both,78
https://www.youtube.com/@perpetualtimeltd,@PerpetualTimeLtd,Perpetual-Time Ltd,3990,57,4,"WOSTEP/BHI-credentialed watchmaker offering repair, servicing and restoration; description reads as a professional bio/marketing rather than on-camera process.",watch repair,UCB2g1SzBZKKd_bi-mOxdHnQ,hands,watch-clock-repair,full,2026-09-09,both,57
https://www.youtube.com/@peterpic,@Peterpic,Peter Piccolino,38000,236,4,"Description leads with watch restorations and repair videos alongside dealer content, indicating real bench service work.",watch repair,UCi7PdUkzKt5kNv8gEscfIvw,hands,watch-clock-repair,trial25,2026-09-09,both,238
https://www.youtube.com/@reddeadrestoration,@RedDeadRestoration,Red Dead Restoration,873000,73,4,"Hobbyist restorer detailing vintage watch restorations step by step, though it also covers other antique 'timeless artifacts.'",watch repair,UCci1MUB7x7yRkwgqIFpD7WA,hands,watch-clock-repair,full,2026-09-09,both,74
https://www.youtube.com/channel/ucnjin1vm4iawxslxhrb7y2w,@reinholdfluthe9359,Reinhold Flüthe,161,63,4,"Watchmaker/restorer channel with titled videos of repeater and music-box movement work, clearly bench-focused.",watchmaker | watchmaking,UCnjiN1Vm4iAwxslXhrB7Y2w,hands,watch-clock-repair,wave1,2026-09-14,both,63
https://www.youtube.com/@relojmaniacos,@relojmaniacos,Watchmaniacs,1420,123,4,"Watchmaking channel explicitly covering repairs, servicing and horology for enthusiasts and professionals.",watchmaker | watchmaking | horology | reparación de relojes,UC3udJVHTIMwdjP2UFoowmfA,hands,watch-clock-repair,wave1,2026-09-14,both,123
https://www.youtube.com/@rexxtimepieces,@RexxTimepieces,Rexx Timepieces,33100,137,4,"Independent watch studio documenting custom builds, Seiko mods, dial making and full assemblies from workshop.",watchmaking,UC9v8iN2mvSiOSiRIiQ2C4VQ,hands,watch-clock-repair,wave1,2026-09-14,both,138
https://www.youtube.com/@rktime_solution,@Rktime_Solution,Rktime_ Solution,2700,159,4,"Female watchmaker's shop channel focused on servicing, restoring and maintaining watches, promising in-depth repair processes.",watchmaker | watch repair | horology | vintage watch restoration,UCKQlIfS56LN5z8i9RpZLCyQ,hands,watch-clock-repair,wave1,2026-09-14,both,159
https://www.youtube.com/@rockbod,@rockbod,Rockbod,43,59,4,Watchmaker/machinist doing detailed mainspring replacement and speedometer repair videos on the bench.,watchmaker | mainspring replacement watch,UCDjf5dnrwazKdYasfXPFebg,hands,watch-clock-repair,wave1,2026-09-14,both,63
https://www.youtube.com/@roke1111,@roke1111,roke11,3270,125,4,"Dedicated watch repair tutorial channel covering disassembly, assembly and restoration with some reviews mixed in.",watch repair | watch restoration | watch movement service | watch movement disassembly,UCX2eX98yI3UpKHBVtED5vjA,hands,watch-clock-repair,wave1,2026-09-14,both,125
https://www.youtube.com/@samsclocks2084,@samsclocks2084,Sam's Clocks,2330,372,4,"Named clock channel with horology school credentials suggesting real clock repair work, though titles unseen.",horology | clock movement repair,UCvA2KT_vN2kiZF33_DjIxqA,hands,watch-clock-repair,wave1,2026-09-14,both,374
https://www.youtube.com/@spence698,@spence698,The Antique clock shop ,318,139,4,Antique clock repair shop name with a one-line description; likely real repairs but no titles to confirm bench format.,clock repair,UCLnMkY0lx1xi_GM_64iPZUw,hands,watch-clock-repair,full,2026-09-09,both,139
https://www.youtube.com/@tanakayawatch,@tanakayawatch,T&T&T watchrepair,5220,57,4,"Japanese watchmaker's repair-named channel with minimal description, scored from name/handle with lower confidence.",watch repair,UCi_i17o6s4O6U96tnvRNaSQ,hands,watch-clock-repair,full,2026-09-09,both,58
https://www.youtube.com/@thecuckoohaus,@TheCuckooHaus,The Cuckoo Haus Singapore,1290,624,4,Dedicated cuckoo and grandfather clock repair service business listing restoration and refurbishment offerings.,clock repair,UCwDjUacYAg8v_2eHk2-1tWQ,hands,watch-clock-repair,full,2026-09-09,both,624
https://www.youtube.com/@thegreatescapement,@TheGreatEscapement,The Great Escapement,176,57,4,"Channel name and description directly state watch repair videos, likely a dedicated repair bench channel.",watch repair | vintage watch restoration,UCoJPkOgzxYjeWYO42TaaT9g,hands,watch-clock-repair,wave1,2026-09-14,both,57
https://www.youtube.com/@thehorologicalone,@Thehorologicalone,The Horological One,602,121,4,"Watchmaker channel specializing in servicing, polishing, repairs and restoration at the bench.",horology | mainspring replacement watch | watch crystal replacement | watchmaker at the bench,UCoTGcSWh8BS5UUScWjNhSwA,hands,watch-clock-repair,wave1,2026-09-14,both,121
https://www.youtube.com/@therealwatchdoctor,@therealwatchdoctor,The Watch Doctor,20700,52,4,Professional watchmaker's channel focused on repair services with certified brand servicing background.,watchmaker | watch repair | watch restoration | watch movement service | vintage watch restoration | watch movement disassembly | clock movement repair | watchmaker at the bench,UCKVQ_oI1Yg7x9TZwfzDmLJQ,hands,watch-clock-repair,wave1,2026-09-14,both,52
https://www.youtube.com/@thewatchrepairersperspective,@TheWatchRepairersPerspective,The Watch Repairer's Perspective,2020,439,4,"Trainee watchmaker documenting real repair work and studies, strong repair-journal format.",watchmaker,UCNLlUSC6Tq5mlQZpOitRjlQ,hands,watch-clock-repair,wave1,2026-09-14,both,439
https://www.youtube.com/@timecentresa,@timecentresa,Time Centre,210,200,4,Family clock repair shop with titles showing specific clock repair/restoration jobs like grandfather and cuckoo clocks.,watchmaker | cuckoo clock repair | grandfather clock repair,UCt90McJvB4pka2GkL23As3A,hands,watch-clock-repair,wave1,2026-09-14,both,201
https://www.youtube.com/@timekeeperllc,@timekeeperllc,Time Keeper | Watch Repair & Service Center,459,112,4,"Third-generation independent watchmaker's full-service workshop posting watch repair videos, brief hashtag-style bio limits confidence.",watch repair | clock repair,UCRJ8AoOUf98p5HxnWkv3_VQ,hands,watch-clock-repair,full,2026-09-09,both,112
https://www.youtube.com/@timesradical,@Timesradical,Times Radical,4910,152,4,Channel explicitly dedicated to technical watch repair content.,watchmaking | watch repair,UCKbVtRLZlqujo7siQ5V4KFg,hands,watch-clock-repair,wave1,2026-09-14,both,152
https://www.youtube.com/@timetotrove,@TimeToTrove,TimeToTrove ,1090,66,4,Dedicated hobbyist vintage watch restoration channel bringing broken watches back to life.,watch repair | clock movement repair,UCJqH5m_Kp7EjG4nJAnRCW8w,hands,watch-clock-repair,wave1,2026-09-14,both,66
https://www.youtube.com/@towerclock1843,@towerclock1843,Towerclock1843-Dee's Clockworks LLC,588,58,4,"Tower clock repair company name with only a one-line description; scored from the name, no video evidence to confirm.",clock repair,UCVOQ4h4kRJYiEbPpI5j_9-w,hands,watch-clock-repair,full,2026-09-09,both,58
https://www.youtube.com/@vidicstudio,@vidicstudio,VIDIC STUDIO,2800,669,4,"Dedicated watch service channel accepting nationwide repairs, workshop-based content on watch service.",servis jam tangan,UCvXf9dtIrqx2sk6_ACIZdgg,hands,watch-clock-repair,wave1,2026-09-14,both,673
https://www.youtube.com/@vintagewatchrepair,@vintagewatchrepair,Vintage Watch Parts & Repair,5770,614,4,"Dedicated vintage watch repair team channel covering repair techniques and parts, though mixed with sales.",watchmaking | watch repair | horology,UCjUUDQQ9mS5KBIJ35QpdWxw,hands,watch-clock-repair,wave1,2026-09-14,both,614
https://www.youtube.com/@vintwatches,@Vintwatches,Vintwatches,95800,185,4,"Professional watch restoration/servicing workshop with master watchmaker overhauls, though also trading/retail aspect.",watchmaker | vintage watch restoration | servis jam tangan,UCD6HhyngQFk-bBhWly9wWZQ,hands,watch-clock-repair,wave1,2026-09-14,both,186
https://www.youtube.com/@watchcompanyjapan,@watchcompanyjapan,WATCH COMPANY JAPAN,8510,132,4,Official watch repair shop channel promising mechanical watch repair workshop content.,watch repair,UCZGrn5yeb_Lv0O8DrbaKDyg,hands,watch-clock-repair,wave1,2026-09-14,both,132
https://www.youtube.com/@watchfixexpert,@WatchFixExpert,WatchFixExpert,6330,1889,4,Experienced watchmaker channel focused on vintage/antique watch repair and restoration expertise.,watch repair | vintage watch restoration,UCNYHgYAkYhBHmQbj7a-QW9Q,hands,watch-clock-repair,wave1,2026-09-14,both,1889
https://www.youtube.com/@watchget1972,@watchget1972,Watchget,1200,137,4,"Channel dedicated to watch repairing videos and watch tool reviews, aligning with bench-repair content.",watch repair | clock movement repair,UCw_LpkxlMyOF063wDh-6c_A,hands,watch-clock-repair,wave1,2026-09-14,both,137
https://www.youtube.com/@watchmovements,@watchmovements,Watch Movements Channel,1210,112,4,"Watch repair technician channel focused on showcasing beautiful watch movements, likely servicing footage.",watch repair | watch movement service | clock movement repair,UCiXIVmDBRA8hxbNwwTceq4w,hands,watch-clock-repair,wave1,2026-09-14,both,112
https://www.youtube.com/@watchoffthecuff,@watchoffthecuff,Watch off the Cuff,8230,268,4,Watchmaking equipment distributor channel focused on tool use and practical repair/servicing guides.,watchmaking | watchmaker at the bench,UCyMVTLc9QTiQ7oV1Dhbxp8g,hands,watch-clock-repair,wave1,2026-09-14,both,268
https://www.youtube.com/@watchremedy,@watchremedy,Watch Remedy,267,275,4,"""Full-Service Watch and Clock Repair"" business channel, on-topic but minimal description evidence.",clock repair,UCpuQT_562iL4FPpgKXREz7g,hands,watch-clock-repair,full,2026-09-09,both,275
https://www.youtube.com/@watchrepair98,@WatchRepair98,Watch Repair 98,216,188,4,"Dedicated watch-repair tutorial channel spanning many brands (Fastrack, Titan, Timex, Tissot); heavy hashtag spam lowers confidence in format.",watch repair,UCw_rIINOeCItnJntQ2TM5lA,hands,watch-clock-repair,full,2026-09-09,both,188
https://www.youtube.com/@watchrepairhub,@watchrepairhub,watch repair hub,248,76,4,"Dedicated repair channel opening watches, testing water/battery issues and showing step-by-step fixes as fun experiments.",watch repair,UCJuAHnsoRhjjoGls1sdVmdg,hands,watch-clock-repair,full,2026-09-09,both,76
https://www.youtube.com/@watchrestorationvlog,@WatchRestorationvlog,Watch Restoration vlog,287000,172,4,"Professional maintenance technician narrates the watch restoration process; 'vlog' name suggests a lighter, talk-driven format than pure bench work.",watch repair,UCWepAwKTPXi67ZQ_AsPjF-g,hands,watch-clock-repair,full,2026-09-09,both,172
https://www.youtube.com/@watchservicebd,@watchservicebd,watchservicebd,6460,742,4,"Dedicated watch servicing channel covering disassembly, assembly, cleaning and repair with some reviews.",watch repair,UC2E9QYM3O9ax2ohA68YuFVg,hands,watch-clock-repair,wave1,2026-09-14,both,742
https://www.youtube.com/@watchspotnet,@Watchspotnet,Watchspot.net,2810,56,4,"Professional watchmaker restoring American pocket watches and repurposing movements, strong bench-restoration focus.",watchmaker | watch movement service | clock movement repair,UCxzVaDtU1lGQhgel0QZcTRQ,hands,watch-clock-repair,wave1,2026-09-14,both,56
https://www.youtube.com/@watchsurgeon-1248,@WatchSurgeon-1248,Watch Surgeon ,83,116,4,Luxury watch restoration channel with shorts showing mechanical movement service and minute repeater repair.,watch restoration | watch movement disassembly | watch crystal replacement | clock movement repair | pocket watch restoration,UCEaBzRpLMD-_g7NZoxm8fDw,hands,watch-clock-repair,wave1,2026-09-14,both,153
https://www.youtube.com/@you9202,@you9202,"You Marche, a shop for watch repairs and tools",2840,198,4,Dedicated watch repair tool shop channel explicitly showing repair process videos from their workshop.,watch repair,UCR3StW-VDD73x1UveQYDNRA,hands,watch-clock-repair,wave1,2026-09-14,both,198
https://www.youtube.com/@2201652,@2201652,Loose change ,132,115,4,"Amateur watch repair channel with titles showing movement servicing, polishing and restoration on bench.",watch repair,UCA0b9cTccYcYTXuCHZrjF4A,hands,watch-clock-repair,wave1,2026-09-14,filter,121
https://www.youtube.com/@arnovisrodriguez,@ArnovisRodriguez,Arnovis Rodriguez,17100,185,4,"Self-described watch repair and jewelry maker sharing repair knowledge, strong topical fit despite no titles.",relojería,UClLjnK20s41-RhZgxzikETw,hands,watch-clock-repair,wave2,2026-09-14,filter,185
https://www.youtube.com/@billstoddard,@BillStoddard,Bill Stoddard,3180,211,4,"Movies of clocks and escapements tied to clock history/repair websites, likely mechanism demo footage.",escapement,UCa0LZjxEX-SZQDRFMmDT_Mw,hands,watch-clock-repair,wave2,2026-09-14,filter,211
https://www.youtube.com/@chrisbiwatch,@chrisbiwatch,Chrisbi Watch,242,179,4,Handmade watchmaking workshop with microscope process videos showing hands-on watch work.,watchmaking,UC4e7PdCkykJzMAhfaVzlndA,hands,watch-clock-repair,wave1,2026-09-14,filter,228
https://www.youtube.com/@craynerd,@craynerd,craynerd,5180,232,4,"Clockmaker building and restoring clocks/machine tools, hands-on maker content fits clock repair scope.",horology,UC8wYh9AFzKN2fMRGK2Bb6ZA,hands,watch-clock-repair,wave1,2026-09-14,filter,232
https://www.youtube.com/@deandk,@DeanDK,Dean DK,20500,78,4,"Aspiring independent watchmaker sharing lathe work, watch repairs and tool discussions on the bench.",watchmaker | watchmaking | watch repair,UC8Fnh5V01lstObcmwpm3Akg,hands,watch-clock-repair,wave1,2026-09-14,filter,78
https://www.youtube.com/@elrelojerodemadrid4190,@elrelojerodemadrid4190,El Relojero de Madrid,746,326,4,"Personal archive of watchmaker's work with titles on Omega, Rolex, pocket watches suggesting real repair/restoration footage.",relojero,UCbuFuEpurP0tPUGQLiUT1zA,hands,watch-clock-repair,wave1,2026-09-14,filter,394
https://www.youtube.com/@existence_watch,@existence_watch,existence_watch,83,141,4,Custom watch building channel with titles showing handmade dials and casing work.,horloger,UCicTrhfrD7f1Of-vRlJ7teQ,hands,watch-clock-repair,trial100,2026-09-14,filter,177
https://www.youtube.com/@federicoonofrio,@federicoonofrio,watchmaker,830,55,4,Titles show real clock/watch part fabrication and repair like Solari clocks and canotti removal.,watchmaking,UCz5Oj2CYlSiBdzTtkF59BNg,hands,watch-clock-repair,wave1,2026-09-14,filter,75
https://www.youtube.com/@juancarlosllanosendoya5634,@juancarlosllanosendoya5634,Juan Carlos Llano Sendoya,2110,74,4,"Specialized technician/restorer of monumental mechanical clocks (church towers, wall clocks), strong repair focus by description.",relojero,UCyxfpvBD2gXW0DivacaZmkg,hands,watch-clock-repair,wave1,2026-09-14,filter,74
https://www.youtube.com/@linomercurio53,@linomercurio53,Lino Mercurio,30,127,4,Jewelry/watch maker channel with titles showing actual Seiko movement cleaning and ring repair on camera.,watch repair,UC9fMAClrjXrSGRj1uzl2CRA,hands,watch-clock-repair,wave1,2026-09-14,filter,176
https://www.youtube.com/@mrperpetual1,@MrPerpetual1,Mr. Perpetual,4410,64,4,Describes restoring vintage timepieces and building custom watches with hands-on tutorials and modding tips.,watchmaking,UCRrt5Te_7irJA9h51gQexfg,hands,watch-clock-repair,wave1,2026-09-14,filter,64
https://www.youtube.com/@niche_craftsman,@niche_craftsman,Niche Watchmaker,8360,53,4,"Working watchmaker sharing repair skills and shop work, mixed with lifestyle content.",watchmaker | watch repair,UCmJvMkw4yW3TFwHvlpSfDlA,hands,watch-clock-repair,wave1,2026-09-14,filter,53
https://www.youtube.com/@nicolasgadrat33,@nicolasgadrat33,Nicolas Gadrat,2040,142,4,"Channel explicitly for mechanical horology tutorials and shorts, likely hands-on repair content.",horloger,UCbxSvMHPjQ9U3pzsIYff_Qg,hands,watch-clock-repair,wave1,2026-09-14,filter,142
https://www.youtube.com/@sillyvintagewatches,@SillyVintageWatches,Silly Vintage Watches,12700,73,4,"Self-described watchmaking projects channel with servicing, timegrapher and movement review content mixed in.",watchmaking,UCxeyfoAiceUaDWHznH7pcYQ,hands,watch-clock-repair,wave1,2026-09-14,filter,73
https://www.youtube.com/@sooth15,@sooth15,JC,400,82,4,Antique clock collector/clockmaker with titles on longcase clock restoration and movement work.,clockmaker,UCoMxZZueqgR2AGd1oRzJ1mA,hands,watch-clock-repair,wave2,2026-09-14,filter,76
https://www.youtube.com/@stanworkshop,@stanwatches,stan watches,246,54,4,"Machinist/watchmaking channel making watch cases and parts, hands-on bench work but building not classic repair.",watchmaking,UCwgDeHdBhrRGk1WqlvTdkcw,hands,watch-clock-repair,wave1,2026-09-14,filter,61
https://www.youtube.com/@thangtv_donghoco,@ThangTV_DongHoCo,ThangTV-Collectibles,1320,1098,4,Antique clock repair channel with detailed video instructions on French and antique clock restoration techniques.,clock repair,UCvT9fEoAv1we2-fUxViaL4w,hands,watch-clock-repair,wave1,2026-09-14,filter,1098
https://www.youtube.com/@the.watch.enthusiast,@the.watch.enthusiast,The Watch Enthusiast,1190,334,4,"DIY watch repair and watchmaking channel hosted by a collector, mixed with reviews.",watchmaking | watch repair,UCxf5oJ-JnWbreFO3dq4pTDA,hands,watch-clock-repair,wave1,2026-09-14,filter,334
https://www.youtube.com/@the.watchplaza,@the.watchplaza,WatchPlaza,67,149,4,"Parts and strap seller offering step-by-step Seiko repair/upgrade guides, aligns with build/mod content.",watch repair,UCg3H2KU1PxWZNBVRDP26ndA,hands,watch-clock-repair,wave1,2026-09-14,filter,149
https://www.youtube.com/@watchrestore,@Watchrestore,Watch Restore,60,79,4,"Channel dedicated to watch repair/restoration tutorials and before-after projects, though also reviews tools.",watchmaker | watch repair | watch restoration,UCYBQi_qL7YkfYfXRaUTXMGA,hands,watch-clock-repair,wave1,2026-09-14,filter,79
https://www.youtube.com/@wristmodding,@wristmodding,Wrist Modding,4970,168,4,"Seiko mod build channel by professional watchmakers, aligns with watch building/modding scope.",watchmaker,UCnc746uf13K-HI2dVJUC9vA,hands,watch-clock-repair,wave1,2026-09-14,filter,168
https://www.youtube.com/channel/ucp71epysno3z8sedbyqgp6q,@YoutubeKKDCOOPERMINI,กนาฬิกาสระแก้ว,678,129,4,"Live watch repair videos disassembling movements including Casio and Gucci watches, hands-on bench work.",watch repair,UCP71EPYsNo3Z8sEDbyQgP6Q,hands,watch-clock-repair,trial100,2026-09-14,filter,162
https://www.youtube.com/@zjanimodswatches,@ZjaniModsWatches,Zjani Mods,103,93,4,Seiko mod/customization channel with build videos showing tourbillon skeleton mods.,horology,UCxy-l7o4FSdLmL5G316SzMA,hands,watch-clock-repair,wave1,2026-09-14,filter,93
