i,url,handle,name,subscribers,videos_count,views,created_date,location,product,discovery_keywords,family,channel_id,score_0_5,reason,other_topic,scored_by,bucket,evidence,description,top_video_titles,links
0,https://www.youtube.com/@sarahwaltonpottery,@SarahWaltonPottery,Sarah Walton Pottery,13400,74,1035711,2018-12-08,,,wheel throwing,filter:technique,UCmKUDYj3Vph4XwKBpQwE4mw,5,"Dedicated pottery channel covering wheel throwing centering, glaze, kiln, home studio content.",,sonnet,keep,desc,"If you enjoy pottery /ceramic making videos; how to applying glaze, glaze combo ideas, glaze layering tips, kiln openings and handbuilding. I've got YOU! Wheel throwing for all pottery levels...yes, I've got you too my beginner pottery peeps...looking for tips to help you centre on the potters wheel, look no further...this channel is for YOU! I share everything I do in my home pottery studio, studio tours, pottery tool must have and essential pottery equipment. I share my secrets that will help and inspire your own pottery journey, and entertain you too! ☕️ BUY ME A COFFEE: https://www.buymeac",,sarahwaltonpottery.com | instagram.com/sarah_walton_pottery | pinterest.ca/sarah_walton_pottery
1,https://www.youtube.com/@storiesnstoneware,@storiesnstoneware,Stories N' Stoneware (Annie Gietz),1070,218,153483,2013-11-30,,,pottery wheel,filter:tool,UC-BSEgdAS9ChZQwxFYVk4Ew,4,"Pottery studio vlogs mixing wheel work with storytelling and shop content, wheel throwing prominent.",,sonnet,keep,desc,"Multi-passionate artist inspired by stories and creating in clay. Follow my vlogs as I create a living from writing, pottery, and storytelling. Interested in my work? Check out my website at www.storiesnstoneware.com for email sign up, my shop and available social media platforms. Tags: Pottery, Pottery wheel, pottery videos, handmade pottery, handmade ceramics, studio vlogs,",,patreon.com/storiesnstoneware | instagram.com/annie_gietz | bit.ly/3uKAlRS
2,https://www.youtube.com/@user-paradise777,@user-paradise777,해외선물 매직 파라다이스 자동매매프로그램,25,125,3922,2023-09-12,,,물레,filter:lang,UCNBFU0i39gxNEg0yhIkh4Jw,0,"Korean forex trading channel, 물레 collides with 시물레이션 simulation, no pottery content.",,sonnet,drop,desc+titles,"증권투자 20년차입니다. 해외선물 자동매매프로그램에 적용되는 알고리즘을 개발합니다. 모의투자는 개발되는 알고리즘의 검증용으로 실행하고 있습니다~ 모든상품에 적용이 가능하며, 현재는 나스닥차트에 적용하고 있습니다~ 개발된 알고리즘 유형에 따라 업그레이드 해봤습니다~ 2025년은 10년동안 개발됬던 중요한 3가지 알고리즘을 통합하는 작업을 진행중입니다. 1.세이프디테 2.락크라임 3.뱀부스폴 와중에 새롭게 개발된 데우스봇ai가 일중,월중의 무손실을 달성할 가능성이 커지면서 실전모의와 시물레이션을 통한 타임머신클론 비교검증을 실시중입니다. #해외선물 #해외선물 매직#해외선물 나스닥","해외선물 나스닥 데우스봇 실전모의 1958틱20251030 14 minutes, 34 seconds | 해외선물 나스닥 데우스봇 시물레이션 2 minutes, 2 seconds | 해외선물 나스닥 데우스봇 20251022실전모의 틱수익 14 minutes, 55 seconds | 데우스봇 20251021 모의 4 minutes, 53 seconds | 데우스봇 시물레이션 2 1 minute, 36 seconds | 해외선물 데우스봇  시물레이션 완료 5 minutes, 45 seconds | 데우스봇 20250930 실전모의 틱수익 15 minutes | 해외선물 나스닥 20250925 11 minutes, 42 seconds | 해외선물 나스닥 20230923 24 seconds | 해외선물 나스닥 20250922 5 minutes, 18 seconds | 해외선물 데우스봇 20250917EFf컨셉2 15 minutes | 데우스봇 20250912 D컨셉4 19 seconds |",open.kakao.com/o/gFcGP5vg
3,https://www.youtube.com/@assadoit6849,@assadoit6849,ASSA DOIT,14700,142,7263714,2017-04-25,,,물레,filter:lang,UClNmtzhMI0YdV0Lcitl-fdg,0,"Wrestling/struggle channel, 물레 keyword collision from 고인물레젼드, unrelated to pottery.",,sonnet,drop,desc,고젼드(고인물레젼드) 아싸들의 몸부림과 씨름을 전문으로 다루는 채널입니다!,,instagram.com/assadoit/?hl=ko
4,https://www.youtube.com/@musiclov344,@MusicLov344,해외선물 우리,20100,59,13031,2023-05-25,,,물레,filter:lang,UCDSFL8cRw-sJiE6x5ux6uQA,0,"Korean forex trading livestream channel, keyword collision with 해외선물레전드, no pottery evidence.",,sonnet,drop,desc,해외선물 우리TV 생방송안내 우리TV 월~금 23:00~02:00 매일방송중 ↓해외선물 우리 홈페이지↓ https://www.abskor.com/ #해외선물 #해외선물실시간 #해외선물현수 #해외선물현지 #주식 #코인 #비트코인 #해외선물하는방법 #해외선물하는법 #해외선물공부 #해외선물초보 #해외선물레전드 #해외선물수익,,abskor.com
5,https://www.youtube.com/@artistyogeshbarnela,@artistyogeshbarnela,Artist Yogesh Barnela,1170,435,607884,2012-07-29,,,pottery wheel,filter:tool,UClrMf7hWZcP5b3cFwdyYA2g,1,Miniature sculpture/record-breaking artist channel mentions a motorized pottery wheel only in passing.,,sonnet,drop,desc,"Welcome to my official YouTube channel! I am Yogesh Barnela, a Guinness World Record holder and a passionate artist specializing in easy Drawing, Easy 3d Illusion drawing, Sketching, miniature art, sculpture, painting, and innovative crafts. I have created the world’s smallest toothpick sculpture, a working circular saw, a motorized pottery wheel, and many other record-breaking miniatures. My dedication to detail has led me to craft the Taj Mahal using thermocol and an airplane model using old railway tickets. Join me on this creative journey by subscribing and turning on notifications for ama",,facebook.com/yogesh.barnela | instagram.com/yogeshbarnela | twitter.com/YogeshBarnela?t=2Zz3S2hs4w4AKGAeHok-QQ&s=08
6,https://www.youtube.com/@harleyweiglestudio,@harleyweiglestudio,Harley Weigle Studio,2720,113,430704,2022-08-11,,,wheel throwing,filter:technique,UCLSQBHOIriZ1FA9UWucwa-Q,5,"Ceramic artist/educator channel focused explicitly on wheel throwing, functional pottery and studio process.",,sonnet,keep,desc,"Hi, I’m Harley Weigle, a ceramic artist and educator behind Weigle Ceramics. This channel focuses on wheel throwing, functional pottery, studio process, and ceramics education — sharing both technique and the long-term mindset it takes to grow as a maker.",,
7,https://www.youtube.com/channel/ucram9qpvwtm9ysvagw8ktea,@RoopamCommunity,Roopam,444000,310,678363501,2023-06-03,,,pottery wheel,filter:tool,UCRAm9QPvwTm9YsvAGw8kTEA,3,Studio offers wheel classes and rentals but description reads as business services without confirmed on-camera process.,,sonnet,gray,desc,"Spreading the joy of pottery ♥️ Ceramics course, pottery wheel rentals & paint on ceramics👇🏻",,roopamtools.com | roopam.ooo/courses/handbuilding-basics | roopam.ooo/rentals/wheel
8,https://www.youtube.com/@tv-ry1cg,@TV-ry1cg,해외선물 이싸TV : 선승구전(先勝求戰),2010,57,5806,2021-11-18,,,물레,filter:lang,UCk-X6lf0VwYzIzaymtXvJEw,0,"Korean overseas futures trading channel, 물레 keyword collision, no pottery content.",,sonnet,drop,desc,"✨해외선물 단톡방,업체 상담문의✨ ✨1대1문의클릭 ✨ https://open.kakao.com/o/s3EauFBe 📊단톡방 : https://open.kakao.com/o/gENqHFBe 📊코드 : 1:1문의 후 입장 가능 ( 입장 시 간단한 인사만 부탁드리겠습니다 ) ==================================== 해외선물 이싸TV : 선승구전(先勝求戰) 방송시간 오전 : 10시~13시 / 야간 : 21시~24시 - 방송송출 : (유튜브/A-Pro) ==================================== ✨✨해외선물 이싸TV : 선승구전(先勝求戰)✨✨ "" 먼저 싸우고 이기기를 바라지 말고 싸우기 전에 이겨 놓고 진입하자. "" 1. 충분한 시간을 두고 지정된 진입가로 체결을 기다리는 방식으로 매매합니다. 2. 애매한 진입, 진입가, 청산시점 속이기 같은 리딩은 하지않고 절대 결과를 속이지 않습니다. 3. 검증된 기법에 기반한 매매로 혼자서도 안정된 수익을 내실수 있도록 교육합니다. 4. 큰 리스크 없는 매매방식으로 지속적이고 안정된 수익을 추구합니다. ==================================== #해외선물,#",,
9,https://www.youtube.com/@ifpottery,@IFpottery,IF pottery,378,222,68365,2016-08-09,,,pottery wheel | trimming pottery,filter:tool,UCxnCciwEYWOk5X7HEPC-j3A,2,"Pottery keyword-stuffed description but titles show unrelated poetry/attitude shorts, little real throwing footage.",,sonnet,drop,desc+titles,"Welcome 🤗 My channel name IF pottery please subscribe my youTube channel Shorts Short Ytshort YouTube shorts pottery,handmade pottery,pottery wheel,how to make pottery,asmr pottery,pottery for beginners,making pottery,how to throw pottery,pottery making,pottery studio,stoneware pottery,clay pottery,wheel thrown pottery,pottery at home,ancient pottery,how to trim pottery,primitive pottery,make pottery at home,make pottery,pottery vase,pottery bowls,firing pottery,waxing pottery,pottery lessons,trimming pottery,relaxing pottery,painting pottery","Mada kaam Ni air 🤟💔🥺😊🤞📨😠😢❤️😢🎉🙂😢🙏VIP trending video 📸 Imtiaz Fakhar 💕🤟🤣 27 seconds | #poetry #attitude #ad ##@newsviews25-o7n 1 minute, 3 seconds | #tadia Kori sabi kasma #poetry #ceramicclay #potteryclay #potteryclay #poetry #ceramicclay # 1 minute, 41 seconds | I f pottery 26 seconds | 25 January 2023 2 minutes, 7 seconds | imtazfakher56 37 seconds | imtazfakher56 1 minute, 7 seconds | imtazfakher56 25 seconds | chacha ramzna 32 seconds | 10 December 2022 19 seconds | waseem jutt 309 kine Maste",
10,https://www.youtube.com/@moh.thestudio,@Moh.thestudio,Moh - The Pottery Studio,17,130,33486,2025-06-07,,,pottery wheel,filter:tool,UCSJCvunqhkjZpGyfGoeq8QA,2,"Home pottery studio offering wheel and hand experiences, but titles show unrelated vlog/quote content, drifted format.",,sonnet,drop,desc+titles,"Moh.the studio is a home pottery studio in Lucknow offering wheel and hand pottery experiences, group workshops, and hand-crafted clay products - perfect for gifting/home decor. From one-time experiences to longer explorations, the studio offers a range of creative activities for all age groups, regardless of prior pottery experience. The studio also offers a completely functional setup including all necessary pottery tools and equipment, pottery wheels and kiln space. You can reach out for: ✨ Pottery sessions, Group workshops, social events ✨ Corporate workshops & Exhibitions ✨ Home-shop for ","*The earthy lamp* | “All other things may change and may change us but it always start and ends with family”- Anthony B. | “Talking silhouettes” | No expression of love is ever lost or wasted | “Only the two of us, together, flying high upon the wings of love” Jeffery Osborne | When they make a song pop in your head..you make a reel 😎 | 💙💛💜💚❤️🧡#myearthytaleoflove #ladkipagalhai | “It’s in our hands to create a better world for all who live in it”- Nelson Mandela | Because…the best part is knowin",
11,https://www.youtube.com/@%ed%82%a4%eb%a5%b4%ec%95%84%ed%8b%b0%eb%b9%84,@%ED%82%A4%EB%A5%B4%EC%95%84%ED%8B%B0%EB%B9%84,키르아티비,13500,2480,3573103,2017-09-14,,,물레,filter:lang,UCs799G3QmBLIm3doYDoQRsg,0,"Gaming/streamer channel, 물레 keyword collision from 시물레이션 simulation, no pottery content.",,sonnet,drop,desc,겜잘알 1티어스트리머 홀덤 모바일RPG 전략시물레이션 ▶ 개인 컨텐츠및 기타문의 : 카카오톡: NO141212 E-MAIL:MIDOWVAN@NAVER.COM ▶ 광고 문의 : 카카오톡: FM7777 ◀ E-MAIL: FM7777@FANDOMMAKE.COM,,
12,https://www.youtube.com/@mwceramics,@mwceramics,MW Ceramics,22400,101,984286,2019-03-14,,,wheel throwing,filter:technique,UCdZE_GcudT9kzOGKle5xIOw,4,Experienced ceramic teacher channel covering variety of clay techniques including wheel throwing basics to advanced.,,sonnet,keep,desc,"For business-related inquiries, please send me an email. Ready to get your hands dirty? You've landed in the perfect spot to explore the wonderful world of clay! With over two decades of ceramic artistry and more than a decade of teaching experience, I'm here to guide you through a variety of techniques to create both practical and artistic pieces. From beginner basics to more advanced projects, you'll discover the joy of playing with ""mud"". Subscribe now so you never miss out on the latest ways to unleash your creativity! Learn wheel throwing, glazing, and more. Let's transform some mud into ",,instagram.com/mwceramicshawaii | tiktok.com/@mwceramic | amazon.com/shop/mwceramics?ref_=cm_sw_r_cp_ud_aipsfshop_S0WP0BE1Z6CPDW18MFKB
13,https://www.youtube.com/@creativeartsstudio,@CreativeArtsStudio,Creative Arts Studio,654,68,153235,2012-10-06,,,wheel throwing,filter:technique,UCWNUU35P2eKBI3dgPZPPgRQ,2,"Multi-craft art studio where wheel throwing is one of many offerings alongside painting, mosaics, glass fusing.",,sonnet,drop,desc,"The Creative Arts Studio invites you and yours out to our studio-art room for an adventure in art, here in Royal Oak, Michigan, just outside of Detroit. There are many facets of art here for you to explore and indulge in. You can paint on canvas, paint on pallet boards, paint on pottery or paint on ornaments. You can also make Raku pottery, mosaics, glass fusing, or you can try your hand at wheel throwing. To experience art in all its forms is like an adventure in creativity, where whole new worlds await your discovery! Let the Creative Arts Studio be your art-adventure headquarters for an exp",,potteryartkits.com | creativeartsstudios.com | facebook.com/search/top?q=creativeartsstudioro | instagram.com/creativeartsstudios | linkedin.com/company/creative-arts-studio-royal-oak/about
14,https://www.youtube.com/@benwolffpottery,@benwolffpottery,Ben Wolff Pottery,7570,423,2117707,2006-05-19,,,wheel throwing,filter:technique,UCdSjiTTwcSBRaTH4ARrv8Kg,5,"Dedicated wheel throwing pottery channel with tutorials, studio process, kiln firings, live wheel work streams.",,sonnet,keep,desc,"Welcome to Ben Wolff Pottery — Your home for wheel throwing, ceramics, and clay artistry. Watch pottery videos featuring tutorials, studio process clips, kiln firings, and behind-the-scenes creations. Join our live streams for real-time wheel work, Q&A, and relaxing pottery sessions. Whether you're learning pottery or love handmade ceramics, subscribe for inspiring clay content, pottery demonstrations, and creative live streams every week 😀 As seen on NBC, CBS, Martha Stewart, Martha Stewart Living, Wall Street Journal, Yankee Magazine, and more. 🔴 LIVE STREAMS Join Ben Wolff for real-time pot",,youtube.com/channel/UCdSjiTTwcSBRaTH4ARrv8Kg/join | benwolffpottery.com | instagram.com/benwolffpottery | youtube.com/channel/UCc2KCtKGuHPvohQXj1OZg1w
15,https://www.youtube.com/@dipakartpottery,@DipakArtPottery,Dipak Art & Pottery,758,151,335004,2023-06-13,,,pottery wheel,filter:tool,UCvmI3plFBzx0jLLWVXSFaPQ,4,"Indian traditional pottery channel showing potter's wheel work, clay pot/diya making titles confirm process footage.",,sonnet,keep,desc+titles,"This is a bengali clay craft and pottery work created by Dipak Pal. Enjoy the best pottery work ,making clay pottery with a potter's wheel, tea cup making, diya making, mrittika barton making, pugmill, pottery wheel, pot, diya making machine, clay work, paper flower making, Indian clay art, Indian pottery, thanks for visiting. How to make clay pot How to make clay tea cup How to make clay diya How to make clay lamp How to mixing clay Indian clay art Indian pottery art Indian pottery making Village pottery Clay craft Mitti ka barton banana How to make clay vase How to make mud pot Kumhar er kaj","Indian village pottery; Clay bank /mitti ka gullak /Pottery work #pottery #art #clay 1 minute, 5 seconds | How to make clay pot / মাটির কলসি / matka 36 seconds | pottery classes in india; traditional pottery making / Clay pot making #Clay #pottery #claycraft 1 minute, 11 seconds | Making Clay Pottery Bowl on the Wheel; Indian Pottery making/ Clay pot making/ Clay bowl/ Clay craft 1 minute, 1 second | Indian pottery making; मिट्टी का गुलदस्ता / Clay flower vase making/ clay Art/ guldasta/ fuldhan",facebook.com/profile.php?id=100009389169186&mibextid=ZbWKwL | instagram.com/dipakpal224?igshid=MzNlNGNkZWQ4Mg==
16,https://www.youtube.com/@cutebacha2.5,@cutebacha2.5,해외선물 해선도령,236000,809,156946655,2023-09-04,,,물레,filter:lang,UCxUz2LNyqb5w1g3NxuB10AA,0,"Korean overseas futures trading channel, 물레 keyword collision, no pottery evidence.",,sonnet,drop,desc,"카카오톡 문의하기 ​​https://open.kakao.com/o/sTVtUuqg 1부 오전 10시~오후 3시 2부 오후 8시~새벽 12시 ▶HTS 신규 가입만 해도 20만 지급 ▶첫 담보 20% 지급 ▶매주 실현손익, 수수료 10% 페이백 이벤트 ▶지인 추천 및 다양한 이벤트 진행중입니다 #해외선물 #해외선물실시간 #해외선물가족방 #해외선물단톡방 #해외선물리딩 #해선학교 #주식 #코인 #비트코인 #해외선물하는방법 #해외선물하는법 #해외선물공부 #해외선물초보 #해외선물레전드 #해외선물수익 #해외선물해선도령",,
17,https://www.youtube.com/@%eb%8f%85%ec%8b%a0%ec%9e%84%ec%84%b1%ea%b4%80,@%EB%8F%85%EC%8B%A0%EC%9E%84%EC%84%B1%EA%B4%80,독신 임성관,308,80,5125,2024-12-17,,,물레,filter:lang,UCja5m_eIgxnshkMS3Y8qyFg,0,"Reading/book channel, 물레 only appears in publisher name '시간의 물레', unrelated to pottery.",,sonnet,drop,desc,"안녕하세요, 독신(讀信) 임성관입니다. 20년 넘게 독서 분야를 연구하고 현장에서 실천한 경험을 체계적으로 정리하면서, 그 과정을 많은 분들과 나누기 위해서 유튜브 채널을 개설했습니다. 부디 이 채널이 많은 분들과 상호작용을 할 수 있는 장이 되기를 바라고, 내용 또한 도움이 되기를 원합니다. 촬영 및 편집을 도와주신 '중앙사이버평생교육원', 독서 분야 연구 및 실천을 함께 해나가는 '휴독서치료연구소', 그 결과를 책으로 엮어 주시는 '시간의 물레' 출판사, 많은 응원과 지원을 해주시는 '그냥금집'에도 감사 인사 올립니다.",,
18,https://www.youtube.com/@%ec%84%a0%ed%83%9d%ea%b3%bc%ec%a7%91%ec%a4%91-x7n,@%EC%84%A0%ED%83%9D%EA%B3%BC%EC%A7%91%EC%A4%91-x7n,선택과집중,237,597,32210,2022-12-16,,,물레,filter:lang,UCykZr4PU-V4ld4YV9KDFG9Q,0,"Stock trading channel, 물레 used metaphorically as waterwheel idiom, no pottery content.",,sonnet,drop,desc,차트분석의 신!!! 주도주포착하여 주식정보를 전달하는 채널!! 진솔하게 소통하면서 공부하면 초보탈출 도움 주는 유튜브 채널!! 주식투자!!! 수익의 속도가 중요하지 않습니다 투자방향이 바르면 수익은 그림자처럼 따라 옵니다 사람 사는 세상 돌고도는 물레방아와 같아서 주식투자의 경험도 유사한 경우가 많습니다 바른마음으로 바른투자를 할때 정석투자로 성공투자를 기대 할수 있습니다 성공투자를 위해 투자의 마인드로 지혜로운 투자자가 되시기 바랍니다 주식투자는 심리투자이므로 시장에 위축되지 않으려면 기준과원칙투자가 중요 합니다 투자자의 마인드와 투자방향이 성공&실패로 나뉘게 됩니다 관심종목은 운영자의 관점이므로 투자에 참고 하세요 선택과집중...기다림의 미학으로 성공투자 기원 합니다^^ 주식투자가 어려운분은 공부하는 마음으로 진솔하게 소통하면서 함께 공부하는 공간으로 이어가세요 함께 공부 하실분은 codms0788@naver.com 주식투자!!!! 아는만큼만 보인다~~~ 사람은 배신해도 절대 공부는 배신하지 않는다!!! 오랜 시간 주식투자를 경험하면서 절대 잊지않는 문구 입니다 구독 & 좋아요!!! 꾹 눌러주세요 모든투자의 책임은 투자자 본인에게 있습니다 성공투자 기원 ,,
19,https://www.youtube.com/@yhwhshivani,@yhwhshivani,Studio Madrasi ,835,309,962255,2021-02-05,,,wheel throwing,filter:technique,UC3LTki5VoYbL49hXwQPxqIg,1,"Description mentions wheel throwing but actual titles are all food/drink recipes, no pottery footage.",,sonnet,drop,desc+titles,"Hi guys ! I am shivani , Welcome to Studio Madrasi, your cozy corner for pottery inspiration, creative techniques, and community artistry! Dive into the world of clay with us as we explore wheel throwing, hand-building, and sculptural art, blending tradition with fresh ideas. ♥️","Mango lemonade ! #summer #mango #chefbymistake 1 minute, 45 seconds | Galaxy Smoothie #summer #galaxy #smoothie #chefbymistake 2 minutes | Magic drink #passionfruit #mango #summerdrinks #chefbymistake 2 minutes, 2 seconds | Mohabbatkasharbat | Watermelon | old style Delhi drink #watermelon #summer #chefbymistake 2 minutes, 28 seconds | Mango lassi popsicle #popsicle #summer #lassi #chefbymistake 1 minute, 46 seconds | Tropical Smoothie | Thickest summer smoothie #smoothie #tropical #summer #chef",instagram.com/sha_jon/saved
20,https://www.youtube.com/@trade_gony,@TRADE_GONY,해외선물고니,10200,355,1180631,2018-10-12,,,물레,filter:lang,UCA4uorltLxFF0VYzLAeK54A,0,"Korean futures trading channel, 물레 keyword collision from 해외선물레전드, no pottery content.",,sonnet,drop,desc,"전업 트레이딩 6년차 고니입니다. 항셍 위주의 매매를 하며 나스닥, 골드, 크루드오일, 비트코인도 꾸준히 매매중입니다. 차트분석, 손실복구 등등 각종 문의 환영합니다 ↓↓↓해외선물 증권사 HTS 문의 ↓↓↓ https://open.kakao.com/o/su7WxAif #해외선물 #나스닥 #나스닥선물 #항생 #매매기법 #거래량 #주식 #코인 #무료리딩 #재테크 #해외선물실시간 #해외선물실시간차트 오전10시~오후5시(평일) 방송합니다 #해외선물 #해외선물실시간 #해외선물가족방 #해외선물단톡방 #해외선물리딩 #해외선물엄석대 #해외선물한병태 #해선학교 #주식 #코인 #비트코인 #해외선물하는방법 #해외선물하는법 #해외선물공부 #해외선물초보 #해외선물레전드 #해외선물수익",,
21,https://www.youtube.com/@lifeandclay,@lifeandclay,Life and Clay,1590,88,252473,2023-07-13,,,wheel throwing | pottery wheel,filter:technique,UCuZtUU2of0H7CUn4n6-STYw,5,Pottery studio owner channel sharing detailed wheel throwing videos and studio life behind-the-scenes.,,sonnet,keep,desc,"Life of a potter in and out of a studio. Hi! My name is Iryna. Welcome to my channel! I’m an owner of two pottery studios in Brooklyn, NY where I teach people to amazing skills of wheel throwing and hand building. On this channel I share some moments of running a pottery studio, detailed videos of creating something on a pottery wheel or just with hands and also a bit of my life out of a studio. Stay tuned to see behind the scenes of being a potter :)",,instagram.com/keramostudio | keramostudio.com
22,https://www.youtube.com/@swancityceramics,@swancityceramics,Swan City Ceramics,29600,1053,17744813,2016-08-01,,,pottery wheel,filter:tool,UCMdtCBz8q-NzrdFL48HiKOg,5,Family ceramics business filming each piece thrown on the wheel with live studio sessions twice weekly.,,sonnet,keep,desc,"Live Every Tuesday and Thursday @ 1pm EST! We create one of a kind, functional, handmade ceramics. Each piece is individually thrown on a pottery wheel, and we make all the glazes fro scratch as well. We love making work that is useful, accessible, and one of a kind. Follow our journey, creating art and running a family business, and we can't do it without you! Thank you. ❤️ Check out our products on our website, and subscribe to our second channel below!",,swancityceramics.com | faire.com/direct/swancityceramics | youtube.com/@Nicholasjordanbergmann | instagram.com/swancityceramics | youtube.com/channel/UCMdtCBz8q-NzrdFL48HiKOg/join
23,https://www.youtube.com/@claytureart,@claytureart,Clayture Art,782,139,284548,2022-09-06,,,wheel throwing,filter:technique,UCcjNGJFyNd2woPucklQlkNw,5,"Titles show clear wheel throwing process videos making vases, houses, teapots on pottery wheel.",,sonnet,keep,desc+titles,"🏺✨ Welcome to my pottery world! Handmade with love, creativity, and passion. ❤️ Watch satisfying pottery making, clay shaping, wheel throwing, and unique ceramic art videos. 🎨👐 Every piece tells a story and every spin creates magic. 🌿✨ If you love pottery, handmade crafts, and relaxing art videos, this channel is for you! 😍 🔔 Subscribe now and join my creative journey. 💬 Like, Comment & Share your favorite designs. 📩 Stay connected for more amazing pottery videos! #Pottery #Ceramics #Handmade #ClayArt #PotteryMaking #SatisfyingVideos #ArtLovers #CreativeJourney",How to make a clay vase in pottery wheel #viral #clayvideos #vase #potterywheel | how to make a stylish vase in pottery wheel with clay #viral #clayvideos #trending #youtube | how to make a clay house in wheel #viral #clayvideos #youtube #trending | how to make TEA POT in pottery wheel #viral #clayvideos #youtube #trending | how to make a clay bottle satisfying pottery#viral #clayvideos #youtube | SATISFYING POTTERY MADE WITH CLAY #viral #clayvideos #youtube | I MADE A SUNFLOWER QITH HAND #viral,
24,https://www.youtube.com/@dreamloopcrafts,@DreamLoopcrafts,Dream Loop Crafts ,693,327,382135,2025-05-27,,,pottery wheel,filter:tool,UCfwY6-WkIdWvVmVRWZnTbrw,1,"Craft ASMR channel mentions pottery wheels but titles show fabric/printing manufacturing, not wheel throwing.",,sonnet,drop,desc+titles,"Dream Loop Crafts Drift into a world where every brushstroke, cut, and stitch becomes a gentle rhythm for the mind. At Dream Loop Crafts, we film mesmerizing, close-up process videos—pottery wheels spinning, yarn weaving in endless loops, tiny tools carving perfect grooves—then weave them into soothing visual journeys you can replay any time you need calm inspiration. Here you’ll find: 1.Hypnotic craft loops that lull you into a peaceful flow. 2.Timelapse builds showing raw materials transform into handmade art. 3.Soft ambient sounds—whirs, clicks, and crackles recorded ASMR-clean. 4.Creative ","How Printed Check Fabric Is Made | Fabric Production Process | Manufacturing Business Idea 2026 3 minutes, 22 seconds | Exam Cheating & Copy Leaks Explained 😲| What Really Happens Behind the Scenes 4 minutes, 15 seconds | Paper Printing Process | Professional Printing Techniques | #printingtutorial 2 minutes, 41 seconds | This Is How Builders Use Handmade Wooden Doors in Homes & Offices 17 minutes | Why the Best Heels for Ladies Are So Expensive – Dream Loop Crafts 3 minutes, 30 seconds | Desi S",instagram.com/dreamloopcraft?igsh=MTQ5ZWI5ZjJtd3B5cg== | tiktok.com/@dreamloopcrafts?_t=ZT-8xy8JOb7cAn&_r=1 | facebook.com/dreamloopcraftss
25,https://www.youtube.com/@braingames7205,@braingames7205,해외선물 사부사단,1220000,3696,7496734,2017-03-16,,,물레,filter:lang,UCGiycukoUWefaPWuficUoiQ,0,"Korean futures trading education channel, 물레 keyword collision, no pottery evidence.",,sonnet,drop,desc,🔔무료 정보 공유방 및 업체 상담 문의🔔 1대1차트교육 진행하고있습니다. 무료이니 상담주세요 정보공유방에서 해외선물 시장에 관한 자세한 정보를 교환하고 논의합니다. 해외선물은 미국시장 증시에 직접적인 영향이 있는 상품이기에 흐름만 보지않고 미국경제를 분석하며 안정적인 수익 구간을 노리며 투자하시길 바랍니다. 오늘도 성투 되시길 바라며 많은 시청 부탁드립니다. #해외선물 #해외선물실시간 #해외선물가족방 #해외선물단톡방 #해외선물리딩 #인범 #박호두 #주식 #코인 #비트코인 #해외선물하는방법 #해외선물하는법 #해외선물공부 #해외선물초보 #해외선물레전드 #해외선물수익,,
26,https://www.youtube.com/@vinceozart,@VinceOzArt,VinceOzArt Ceramics,780,52,204201,2011-11-11,,,wheel throwing,filter:technique,UCV7_p6g7T-mO1NzoqnPin1w,4,Ceramic artist channel teaching both hand building and wheel throwing techniques with glazing content.,,sonnet,keep,desc,"Ceramic artist sharing my love for clay while teaching how to form and create functional and sculptural objects using hand building and/or wheel throwing techniques. Glazing methods and application processes may be showcased as well. Hoping to share and network with ceramics students, artists and clay enthusiasts worldwide :)",,instagram.com/vinceozart
27,https://www.youtube.com/@marlaina_thepotterylady,@Marlaina_thepotterylady,Marlaina The Pottery Lady,9150,492,2721563,2022-02-24,,,wheel throwing,filter:technique,UCk3vNq4pF3bq4VKdhoTojlA,5,"Home pottery studio channel with wheel throwing tutorials, kiln firing reveals, glazing tips, ASMR wheel vibes.",,sonnet,keep,desc,"Welcome to Marlaina's Pottery Studio 🏺✨ — I'm Marlaina, your go-to pottery girl sharing the joy of clay from my home studio! Watch relaxing pottery tutorials, beginner pottery lessons, wheel throwing, kiln firing reveals, and cozy art vlogs. See me create mugs, bowls, vases, and more—plus glazing tips, custom mixes, beginner fixes, and all the therapeutic ASMR vibes of the wheel. Perfect for newbies learning pottery for beginners, intermediates seeking techniques, or anyone who loves ceramic art, handmade pottery, and creative energy. I believe that art has the power to make the world a better",,instagram.com/marlaina_thepotterylady | throwpottery.com | linktr.ee/marlainairene
28,https://www.youtube.com/@antmanarts,@AntManArts,Anthony’s Traditional Art 🎨,749,67,16967,2024-08-15,,,pottery wheel,filter:tool,UC8XVPuwUj1jqM0n88pYkUWA,1,"General art channel covering many mediums, pottery/ceramics only briefly mentioned among broader art history.",,sonnet,drop,desc,"If you love art, this channel is for you! 🧑‍🎨🎨🖼️🖌️ Welcome to the world of creativity, color, and imagination! 🎨 This channel is where every artist — from beginners to masters — can learn, create, and grow. I explore everything from ceramics and glass art to portrait drawing, pattern design, and art history. Each week, I break down artistic techniques, share creative challenges, and explore the stories behind the greatest artists in history. Whether you want to master clay, draw realistic faces, understand art vocabulary, or discover how art has shaped culture, you’re in the right place. 🌎 My ",,
29,https://www.youtube.com/@%eb%a5%98%ec%a4%80%ed%98%b8tv,@%EB%A5%98%EC%A4%80%ED%98%B8TV,류준호의 동행야구,3590,953,2385376,2012-11-13,,,물레,filter:lang,UC3vdeyqnsKpHy2wRufbm8Mw,0,"Baseball commentary channel, 물레방아 used idiomatically, no pottery connection.",,sonnet,drop,desc,엘지트윈스 전경기 입중계 합니다.. 매일 오후9시 라이브 방송 진행합니다.... 엘지성골 원년팬 유튜버 류준호의 동행야구입니다.... 구독자 여러분 많이 시청 부탁드리면서.. 10개 구단 모두 즐길수있는 놀이터를 만들어 보겠습니다... 올시즌 동행야구 물레방아에 탑승하세요.... e -mail: ysblg7717 @gmail.com,,
30,https://www.youtube.com/@%ed%86%b5%ec%98%81%ec%84%ac%ec%83%89%ec%8b%9c%eb%8f%84%ec%9e%90%ea%b8%b0,@%ED%86%B5%EC%98%81%EC%84%AC%EC%83%89%EC%8B%9C%EB%8F%84%EC%9E%90%EA%B8%B0,통영섬색시 ♡ 도자기,1710,230,456982,2020-03-13,,,물레,filter:lang,UCZHq0K2Qnij9MArvknoT0SA,3,"Rural life vlogger learning pottery basics at a workshop, describes wheel but favors hand-formed irregular pieces.",,sonnet,gray,desc,"통영섬색시의 시골살이 좋아하는 일을 즐겁게... 도자기 초보수준으로 하나씩 배워 가는 단계입니다. ㅣ년동안 공방 다니면서 만든 그릇은 고작 쭈굴 쭈굴한 밥그릇,국그릇,접시 등 등 그런데도 그런 그릇들이 정이가서 더 많이 쓰이게 되더라구요. 물레를 배울까 하다가 정형보다는 비정형이 좋고, 울룩불룩 자연스런게 더 멋져 보였음. 공방에서는 시간에 쫓겨 대충 만들었지만, 흙 사다가 집에서 시간날때 조금씩 만들고 싶은거 만드니 힐링도 되고, 잡념도 없어지고, 생활의 활력소 되고, 아주아주 하루가 즐겁답니다. 낼은 뭘 만들까? 생각나는대로 메모하기도 한답니다. 집에서 흙을 만지게 된 동기는? 21년12월 어느날 우연히 동영상 강의에 참석했는데. 강의샘 갑자기 하는 질문??? .. 동영상을 왜 배우려 왔습니까, 응겹결에 (당황) 그릇만드는거 좋아하는데 유투버 함 해볼려구요! 라고 대답해 버렸답니다. 그 약속을 스스로 지키기 위해 지금도 열심히 만들고 있답니다ㅎ 많이 많이 서툴지만 많이 많이~~~♡ 응원해주세요. ♡♡통영섬색시 ♡♡ 문의사항은 Theqr@naver.com 로 메일주세요 NQKPHB@AICOMPANY",,
31,https://www.youtube.com/@claymagics,@claymagics,CLAY MAGICS Pottery Studio,5260,105,50579,2019-10-17,,,wheel throwing,filter:technique,UC3NHy5XtKaocZECssMsa4UA,3,Pottery studio business description lists wheel throwing and glazing classes but no confirmed on-camera footage.,,sonnet,gray,desc,"A delightful pottery studio located in Pattom, Trivandrum, offers classes in wheel throwing and glazing.Contact Chithra +919747556609 for details",,
32,https://www.youtube.com/@historywaterwheel,@HistoryWaterwheel,역사물레방아,6400,210,6643018,2024-09-18,,,물레,filter:lang,UCa4izIFLXNZb7dkw_bsMYag,0,"History storytelling channel, 물레방아 used as metaphor in name, no pottery content.",,sonnet,drop,desc,"📜 역사물레방아 - 과거에서 배우는 인생 이야기 RYSTT1@AICOMPANY 조선, 고려, 신라부터 세계적인 여성 인물까지, 역사의 흐름 속에서 강렬한 이야기를 전합니다. 왕후, 후궁, 기생, 여걸들의 숨겨진 이야기부터, 사랑과 권력, 희생과 운명이 엮인 드라마 같은 역사! 🏯 🔥 알고 보면 더 흥미로운 역사! 📖 쉽게 듣는 인물 이야기! 💡 역사 속에서 배우는 교훈! 구독하고 역사의 물레방아를 함께 돌려요! 🌀 #역사물레방아 #한국사 #세계사 #왕후이야기 #역사인물 #조선왕조 #역사속여성 #운명의여인",,
33,https://www.youtube.com/@baileypotteryequipment9181,@baileypotteryequipment9181,Bailey Pottery Equipment,2660,202,457857,2022-03-08,,,pottery wheel,filter:tool,UCoeEF59h7WI175jh-lMlzSw,2,"Pottery equipment manufacturer/retailer channel, product listings not on-camera throwing process.",,sonnet,drop,desc,"#MadeWithABailey | Pottery Equipment & Ceramics Supplies | Easy Online Ordering | Friendly Customer Service | Expert Tech Support A leader in innovative product development in the ceramic arts field for 35 years, Jim Bailey is committed to bringing the highest quality equipment to the consumer. We design and manufacture the most innovative pottery wheels, slab rollers, clay extruders, electric kilns, gas kilns, pugmills, and clay mixers in the world. At Bailey Pottery Equipment & Ceramic Supply, we have built our reputation not only on our exceptional products but equally on our outstanding cu",,baileypottery.com | tiktok.com/@baileypottery | instagram.com/baileypottery | facebook.com/baileypottery | pinterest.com/baileypottery/_created | baileypottery.com/blog.html
34,https://www.youtube.com/@howtopottery,@HowToPottery,How-To Pottery & Crafts,2310,123,265162,2024-07-31,,,wheel throwing,filter:technique,UCfjKB7CK1Uy2lF0t_b3MeYQ,3,"Craft channel mixing mold making, slip casting, hand-building with wheel throwing as minor component.",slip casting,sonnet,gray,desc,"Mold Making, Slip Casting, Plaster Mold Imagination, with a little Wheel Throwing, Hand-building, and more! Unleash your creativity with air-dry clay, fun seasonal crafts to make unique gifts, home decor, and functional pieces for FUN or to SELL! ✨ Consider joining as a Member for lots of extra perks and members only videos! From beginners to advanced makers, we have something for everyone. Let’s get creative together! Like, follow, and subscribe for endless craft ideas! ✨DON'T FORGET, I'm here to INSPIRE your creativity. Do NOT directly copy the few items I show that have a copyright. (I will",,eurekaartcrafts.etsy.com
35,https://www.youtube.com/@youspeech7007,@youspeech7007,신유아의유스피치ㅣ스피치.보이스.낭독.북토크,3590,1544,473015,2018-09-04,,,물레,filter:lang,UCt5QA4yfugNQ7YaXaXFwsUQ,0,"Speech coaching channel, 물레 only appears in book publisher name '시간의 물레', unrelated to pottery.",,sonnet,drop,desc,"스펙을 뛰어넘는 마음을 움직이는 진실된 말하기의 힘. 깊이 있는 생각을 설득력 있는 말로 바꾸는 스피치 채널입니다. SBS 공채 개그맨 출신으로 아나운서, 리포터, MC, 쇼핑호스트, 기상캐스터 활동을 거쳐 현재는 유스피치 대표로서 어린이부터 성인까지 면접 스피치, 발표 스피치, 설득 스피치 훈련을 지도하고 있습니다. 평범한 기술 중심 스피치는 지양합니다. 때로는 개그맨처럼 유연하게, 때로는 아나운서처럼 명확하게, 그러나 결국은 깊이 있게 통하는 말하기를 연구합니다. ✔ 면접에서 설득되는 구조 만들기 ✔ 직장인을 위한 발표 스피치 ✔ 국공립 어린이집 원장 면접 대비 ✔ 글을 정리하고 말로 설계하는 방법 ✔ 어린이 표현력·자신감 훈련 글과 말은 하나입니다. 생각이 정리되어야 말이 설득력을 갖습니다. 저서 『스펙보다 스피치다』(2017, 시간의 물레) 『유튜브 스피치』(2020, 아라크네) 『오늘부터 나는 말 잘하는 어린이』(2023, 창비어린이) 『말하기가 두려운 날엔』(2025, 소담출판사) 『낮잠 같은 인생』(2024, 흔들의자) 수상 2025 K-ESG 경영혁신대상 2024 K-ESG 경영혁신대상 2024 한양문학 신인문학상 2024 K-소비자브랜드대상 ",,blog.naver.com/youspeech | uspeech.co.kr | instagram.com/youspeech | blog.naver.com/book_youah | aladin.co.kr/shop/wproduct.aspx?ItemId=235509639&srsltid=AfmBOoo_Ut5GAKGYfkr7I0CNQVvvd-oU3zaZT_gw3M2uaK
36,https://www.youtube.com/@gony4885,@gony4885,고니 예전계정,867,104,16517,2006-03-29,,,물레,filter:lang,UCcL5gvu9ug3pBa5UzCOPiUA,0,"Korean overseas futures trading channel, 물레 keyword collision from hashtags, no pottery content.",,sonnet,drop,desc,#해외선물 #해외선물실시간 #해외선물가족방 #해외선물단톡방 #해외선물리딩 #해선 #해선학교 #주식 #코인 #비트코인 #해외선물하는방법 #해외선물하는법 #해외선물공부 #해외선물초보 #해외선물레전드 #해외선물수익 #해외선물교육,,open.kakao.com/o/su7WxAif
37,https://www.youtube.com/@potteryparadise-d4w,@PotteryParadise-d4w,Pottery Paradise 🌟,11,61,5225,2025-11-28,,,wheel throwing,filter:technique,UCafl0aLozylETuOQhc993gA,4,"Pottery-focused channel with wheel throwing, clay art keywords, aesthetic short-form pottery videos confirmed by titles.",,sonnet,keep,desc+titles,"🌿 Short & Unique Description (YouTube Bio) “Pottery Paradise — jahan mitti zinda hoti hai! Wheel, clay aur handmade art ki khoobsurti ko simple, soothing aur aesthetic videos mein explore karein.” (Soft + pro + aesthetic) --- 🔑 Keywords (SEO Friendly) pottery paradise pottery making clay art wheel throwing handmade pottery pottery vlog clay crafting diy pottery pottery beginner tips aesthetic pottery videos --- 🏷️ Hashtags #PotteryParadise #ClayArt #PotteryLover #WheelThrowing #HandmadePottery #ClayCraft #AestheticPottery #DIYPottery #ArtStudio #CraftCommunity ---",#PotteryParadise#ClayLove#HandmadeArt#CeramicVibes#ArtFromClay | #PotteryParadise#ClayLove#HandmadeArt#CeramicVibes#ArtFromClay | #PotteryParadise#ClayLove#HandmadeArt#CeramicVibes#ArtFromClay | #PotteryParadise#ClayLove#HandmadeArt#CeramicVibes#ArtFromClay | #PotteryParadise#ClayLove#HandmadeArt#CeramicVibes#ArtFromClay | #PotteryParadise#ClayLove#HandmadeArt#CeramicVibes#ArtFromClay | #PotteryParadise#ClayLove#HandmadeArt#CeramicVibes#ArtFromClay | #PotteryParadise#ClayLove#HandmadeArt#Ceramic,
38,https://www.youtube.com/@%ec%9d%b4%eb%8f%84%ea%b4%91%ea%bc%b4%ed%86%b5%ec%8a%a4%eb%8b%98,@%EC%9D%B4%EB%8F%84%EA%B4%91%EA%BC%B4%ED%86%B5%EC%8A%A4%EB%8B%98,이도광꼴통스님,1430,182,181992,2018-06-07,,,물레,filter:lang,UCeil4MHl-X1mnJrFoJPxd8A,3,"Buddhist monk teaching wheel-forming pottery at traditional market, name suggests real throwing demonstrations.",,sonnet,gray,desc,장호원전통시장 도자기무료체험 물레성형도예가 꼴통도광스님,,
39,https://www.youtube.com/@leedongkoo63,@leedongkoo63,Lee Dongkoo pottery workshop,43900,1718,47761770,2010-12-29,,,물레,filter:lang,UCzP98JaRcVeSKJ-SIHVQl1w,4,"Korean potter's workshop channel teaching electric wheel and hand-building of Buncheong/Onggi ware, classes described.",,sonnet,keep,desc,"Hello! I am a potter who teaches pottery while making pottery in Paju, Korea. My main work is pot work, which reinterprets Buncheong and Onggi work in a modern sense. In addition, we make everyday porcelain (mugs, rice, soup bowls, bowls, plates, teapots), etc., and we also teach classes in the workshop. Guide to classes at the moving tool art studio Class days and times: Tuesday, Wednesday, Friday, Saturday, 13:00-16:00 Class content: electric wheel, hand work #도예 #이동구도예공방 #물레 #머그 #pottery #ceramic #clay #mug #teaware #Koreanpottery #Wheelthrowing #teach #howto",,
40,https://www.youtube.com/@madewithmud,@MadeWithMud,Made With Mud,1700,213,603531,2019-09-12,,,pottery wheel,filter:tool,UCZ4H-OVhuV8mEcpKp2rYddA,4,"Pottery content creator sharing wheel-throwing and hand-building techniques, mini pottery wheel keepsakes on camera.",,sonnet,keep,desc,"Nicola of Made With Mud™️ Based in rural Lincolnshire UK, Nicola enjoys sharing her creative journey, turning her passion for pottery into content that inspires and connects with viewers around the world. Her favourite intent is travelling & making mini pottery keepsakes on her mini pottery wheel. Join Made With Mud™️ to see how humble clay becomes a pottery creation one spin of the wheel at a time! From wheel-throwing techniques and hand-building tips to glazing tutorials and behind-the-scenes insights, Nicola’s content is both inspiring and educational with just a touch of humour. She also s",,youtube.com/c/MadeWithMud | madewithmud.co.uk/links-2 | instagram.com/made.with.mud | facebook.com/madewithmud | vm.tiktok.com/ZMeFUuRed
41,https://www.youtube.com/channel/ucgtlkrdt-pdthfrwlmlil-g,@ShelbySherritt,Shelby Sherritt,410000,518,127804724,2020-11-02,,,wheel throwing,filter:technique,UCGTlkRdT-pDthfRwlMLil-g,3,"Ceramicist using hand building and wheel throwing techniques, but description emphasizes finished-piece showcase.",,sonnet,gray,desc,"Shelby Sherritt Art is an Australian ceramicist who takes inspiration from the bushland surrounds which she calls home. Located in regional Victoria, Shelby's ceramics are inspired by flowering gum trees, golden wattle and frolicking wildlife. Shelby creates unique, functional and whimsical pieces for the home and to wear. Shelby uses a variety of traditional hand building and wheel throwing techniques to create the one of a kind pieces of work. Shelby has always been a creative at heart and only began exploring ceramics after she was diagnosed with cancer in 2016. The therapeutic movement of ",,shelbysherritt.com.au/links | facebook.com/shelbysherrittart | instagram.com/shelby.sherritt | tiktok.com/@shelbysherritt
42,https://www.youtube.com/@teddycraft101,@TeddyCraft101,Teddy Craft 101,531,122,539311,2024-12-22,,,wheel throwing,filter:technique,UCUm9z3k2FCgu0t01rdhUqFQ,4,Live pottery sessions with satisfying wheel throwing and clay transformation content described directly.,,sonnet,keep,desc,"Welcome to Teddy Craft 101 Discover the relaxing world of pottery and handmade clay art. On this channel, you’ll enjoy live pottery making, satisfying wheel throwing, and creative ceramic designs crafted from start to finish. Whether you love art, want to learn pottery, or just relax watching clay transform into beautiful pieces, Teddy Craft 101 is your perfect place. Live pottery sessions Creative clay art & handmade designs Relaxing and satisfying process videos Subscribe and join the journey of turning simple clay into something amazing.",,
43,https://www.youtube.com/channel/uciyqgjcfkyys-xhuonhtcgw,@juliejulee,JULIEJULEE,35,52,34935,2020-12-15,,,pottery wheel,filter:tool,UCIyqGJcFKyyS-xHUONHTcGw,5,"Beginner practice log with titles showing centering, throwing cylinders, trimming, pulling handles on wheel.",,sonnet,keep,desc+titles,A Beginner's Pottery Wheelthrowing Practice Log,"Just a 10 minute! 10 minutes, 7 seconds | Throwing a cylinder mug. 6 minutes, 10 seconds | Throwing a narrow neck vase. 14 minutes, 49 seconds | Trying a small moon jar. 12 minutes, 39 seconds | Never ending centering. 4 minutes, 44 seconds | trimming a small pot 9 minutes, 33 seconds | Making handles 4 minutes, 31 seconds | Trying a different shap 9 minutes, 51 seconds | Glazing moment 2 minutes, 26 seconds | Bubble Pop! 21 minutes | Trimming practice: working on foot and signing on my work! 15",
44,https://www.youtube.com/@laoliunenergvehicle,@LaoLiunenergvehicle,老刘新能源车品升级,107000,425,87263,2020-07-08,,,물레,filter:lang,UClA2vd5pMQEqyM1QZz_703w,0,"Korean forex trading channel, 물레 keyword collision from 해외선물레전드 hashtag, no pottery content.",,sonnet,drop,desc,"🔷업체 상담 문의🔷 부담 없이 간단한 질문도 언제든지 가능합니다. 24시간 상담 가능 정우의 매매를 이용하면 좋은 장점! 1, 24시간 상담 가능! 2, 역대 최고 이벤트 수수료 손실금 지원 이벤트 등 다양한 이벤트 항목! 3, 사고 없는 전문 업체 입, 출금 사고 발생 시 정우가 책임 지겠습니다 ( 6년째 단 하나의 문제없이 운영 중인 회사이며 소비자 만족도 1위!! ) #해외선물 #해외선물실시간 #해외선물가족방 #해외선물단톡방 #해외선물리딩 #박호두 #주식 #코인 #비트코인 #해외선물하는방법 #해외선물하는법 #해외선물공부 #해외선물초보 #해외선물레전드 #해외선물수익",,
45,https://www.youtube.com/@kekoclub_potterystudio,@KeKoClub_potterystudio,KeKo Club pottery Studio,38,73,37451,2026-02-20,,,wheel throwing | pottery wheel,filter:technique,UCyaJtPAji4ThtMn6nHuCggg,5,"Working pottery studio channel showing full process from wheel to kiln, real behind-the-scenes ceramics.",,sonnet,keep,desc,"Welcome to KeKo Club Pottery Studio — where clay meets creativity, calm, and community. On this channel, you’ll step inside a working pottery studio and experience the real process behind making ceramics — from the wheel to the kiln. Whether you’re a complete beginner or already on your creative journey, you’ll find inspiration, guidance, and a behind-the-scenes look at what it truly means to create with your hands. ✨ What you’ll see here: Pottery wheel throwing & hand-building Glazing experiments, kiln openings & transformations Studio life, real-time making & timelapses Creative workshops & ",,lnk.bio/kekoclub_artstudio | kekoclub.co.uk
46,https://www.youtube.com/@maymorestudio,@MAYMOREstudio,MAYMORE ,1110,72,252502,2014-03-12,,,물레,filter:lang,UCo6n7Io2Mg1SOTYdTn0DJWw,4,"Korean ceramic artist studio named for wheel-forming (물레성형), name-based evidence suggests wheel throwing focus.",,sonnet,keep,desc,메이모어 도예가 삼정도예 물레성형,,
47,https://www.youtube.com/@sinaipottery,@sinaipottery,Sinai Pottery,377,146,76325,2019-11-03,,,pottery wheel,filter:tool,UCq_QikIlFOCJeVg_ZVHdBRA,4,"Home potter channel making dishes on pottery wheel and hand building, describes love of wheel work directly.",,sonnet,keep,desc,"Hello, my name is Maya Sadeh and I am a potter from Cyprus. I do my pottery at home. I teach Pottery, I make Pottery for fun and for sale. I love making all kinds of stuff from clay. I love working on the Pottery wheel, and to hand billed from clay. I make my own dishes, such as plates, mugs, vases, planters, soup bowls. I hope you enjoy my videos.",,
48,https://www.youtube.com/@houseofbloomstudios,@HouseOfBloomStudios,House Of Bloom Studios,40,52,23250,2022-10-17,,,wheel throwing,filter:technique,UCnI3cPg-8ioJ-c1MNRSJ3Qw,2,"Multi-craft family studio mixing florals, beeswax, baking with pottery wheel as one minor activity among many.",,sonnet,drop,desc,"We create out of everything. Step inside House of Bloom Florals and Pottery — a working floral and pottery studio where creativity fills every corner. Clay, flowers, beeswax, paint, fabric, vintage finds, holiday baking, family traditions, and muddy little hands at the wheel all belong here. This is a place where: beeswax from our hives becomes candles, flowers become wedding art, thrifted pieces become brand new treasures, grandchildren become artists, and ordinary moments become traditions. We share pottery tutorials (wheel throwing & handbuilding), kiln openings, and behind-the-scenes looks",,
49,https://www.youtube.com/@get-clay,@Get-Clay,Get Clay,1440,396,917629,2018-10-06,,,물레 | 轆轤,filter:lang,UColw-8Lgk8_TCXgVzJvzSvg,3,"Pottery hacks/tricks channel with multilingual ceramics tags including electric wheel, but low specific evidence.",,sonnet,gray,desc,"Hi, welcome to my channel. I will be sharing with you pottery hacks and tricks and idea videos. #pottery#ceramics#maker#artisan#asmr#relax＃new#clay＃amazing#clay#art#creative#ideas#fun#도자기 물레#陶芸#電動轆轤#도예#Keramikk#ceramika#เซรามิกส์#keramik#चीनी मिट्टी की चीज़ें#cerámica#кераміка#keramika#세라믹#céramique#سيراميك#seramik#gốm sứ#keramik#criadóireacht#keramik#ceramică#seramika#keramiek#ceramica#cerâmica#try#Bester#nice#good#top#keraamika＃hope#tembikar#도기류#interesting#garncarstwo#keramiikka#الفخار#เครื่องปั้นดินเผา#मिट्टी के बर्तनों#工芸 o10",,
50,https://www.youtube.com/@%ed%83%80%ec%8b%a0-g5u,@%ED%83%80%EC%8B%A0-g5u,해외선물 타신,8500,517,1034365,2024-12-27,,,물레,filter:lang,UCvGt1UyjIPfH1M-G9B9BFZw,0,"Korean overseas futures trading channel, 물레 keyword collision from hashtags, no pottery content.",,sonnet,drop,desc,"⭐️해외선물 타신TV⭐️ 2014년 해외선물 시작 2018년 수익 1억 돌파⭐️첫해수익 2020년 수익 2억 돌파⭐️2년차 2021년 ~ 2022년 해외선물 리딩방⭐️ 회원만족도100% , 한국 Top3 리딩방 2021년 ~ 2022년 해외선물 대형 네이버카페 보유 , 리딩부분 1등! 2022년 ~ 2024년 해외선물 유튜브 진행 #해외선물 #선물거래 #선물옵션 #해외선물매매 #트레이딩 #선물투자 #파생상품 #해외선물기초 #주식투자 #트레이딩전략 #금융투자 #투자기초 #해외선물분석 #트레이딩기법 #투자정보 #선물시장 #금융교육 #차트분석 #투자노하우 #트레이딩기초 #해외선물실시간 #해외선물가족방 #해외선물단톡방 #해외선물리딩 #해외선물엄석대 #해외선물타신TV #해선학교 #주식 #코인 #비트코인 #해외선물하는방법 #해외선물하는법 #해외선물공부 #해외선물초보 #해외선물레전드 #해외선물수익 #박호두 #선물 #옵션",,
51,https://www.youtube.com/@angceramics,@angceramics,ang #ceramics,270,214,111678,2008-02-22,,,wheel throwing,filter:technique,UC2GAA2bLWiVKA7cdirPfSSA,4,"Ceramics teacher channel covering Raku, wheel throwing, and studio practices with clear craft focus.",,sonnet,keep,desc,"Maker & designer of table and dining wares plus decorative wall art pieces. Teacher of Raku method, wheel throwing and studio practices. MY SOCIAL MEDIA: instagram: business - @angelawalfordceramics (https://www.instagram.com/angelawalfordceramics) facebook: business - @angelawalfordceramics (https://www.facebook.com/AngelaWalfordCeramics) MY WEBSITE: https://www.angceramics.com.au #angceramic #adelaidearts #clayday #studiolife #wheelthrown #hourinstudio #studio #clay #mugshot #cup #smallbatch #reellife #ceramics #potter #mindfulness #slowdown #soda #clayday #kilnbuilding #happydays #kiln #cer",,instagram.com/angelawalfordceramics | angceramics.com.au | facebook.com/AngCeramics | angdesign.blogspot.com
52,https://www.youtube.com/@morigama,@morigama,森窯 morigama鹿児島市,1470,63,747758,2007-10-14,,,轆轤,filter:lang,UCMcHUFwF2b6Lc5i0uWZQ8uA,5,Japanese kiln/workshop channel explicitly filming wheel throwing (轆轤) production scenes and pottery making process.,,sonnet,keep,desc,鹿児島市・森窯の動画チャンネルです。 ・陶器の作り方 ・轆轤での製作風景 ・窯元での様子や山里風景 ・展示会風景などupします。森窯工房＜鹿児島市宮之浦町2829でんわ070-8937-0537＞休日不定期なため、お越しの際は事前にお電話で確認下さい。,,toukaze.web.fc2.com | toukaze.blog88.fc2.com | toukaze.web.fc2.com/tizu.htm
53,https://www.youtube.com/@%eb%a7%88%eb%a3%a8%ec%95%88%eb%8f%84%ec%9e%90%ea%b8%b0%ea%b3%b5%eb%b0%a9,@%EB%A7%88%EB%A3%A8%EC%95%88%EB%8F%84%EC%9E%90%EA%B8%B0%EA%B3%B5%EB%B0%A9,마루안도자기공방,2380,106,285658,2012-11-10,,,물레,filter:lang,UCg3YOd0wQWorYHTlKmI3hhg,4,"Korean pottery workshop channel making wheel videos and basic ceramic craft courses, name confirms focus.",,sonnet,keep,desc,마루안도자기공방입니다. 재미있는 도자 물레 영상과 기초 도자공예 과정을 알기쉽게 만들었습니다. 유익한 정보되시길 바래요 ~^^ 오늘도 힘차게 아자!!!,,
54,https://www.youtube.com/@%ec%95%88%eb%8f%84%ec%98%88,@%EC%95%88%EB%8F%84%EC%98%88,안도예,51,67,88062,2025-10-05,,,물레,filter:lang,UCp3CltY3aUM-vXRn5U2R-Iw,5,"Titles clearly show wheel forming shorts - bowl shaping, goblet, cup forming on potter's wheel.",,sonnet,keep,desc+titles,그냥 물레차는 사람,보울 정형 연습! #pottery #ceramic #도예 #clay #shorts #쇼츠 | 니들이 고블렛을 알아? 물레 알아요? #pottery #ceramic #도예 #shorts #쇼츠 | 툭툭툭 #pottery #ceramic #clay #도예 #shorts #쇼츠 | 뚱뚱이컵 #pottery #ceramic #clay #도예 #shorts #쇼츠 | 여까아쥥 #ceramic #pottery #clay #도예 #shorts #쇼츠 | 아이스 잔 성형 #ceramic #pottery #clay #도예 #shorts #쇼츠 | 도자기에 색과 질감을 입히는 과정 #ceramic #pottery #clay #도예 #shorts #쇼츠 | 대왕 컵 #ceramic #pottery #도예 #clay #shorts #쇼츠 | 쓰레기는 쓰레기통에 #ceramic #pottery #clay #도예 #shorts #쇼츠 | 실패 영상 #ceramic #pottery #clay #도예 #shor,
55,https://www.youtube.com/@genja.animation,@genja.animation,genja's animation,2260,774,1246077,2024-05-10,,,pottery wheel,filter:tool,UC3jc7EQxmXZybn6rN0ybjgQ,2,"Animation channel inspired by pottery wheel visual patterns, artistic novelty rather than real throwing tutorial.",,sonnet,drop,desc,"Hi all! One day, on YouTube, I completely unexpectedly saw an amazing animation using a pottery wheel from a Japanese artist and musician, his name is Yohei Kisanuki. I was literally so fascinated by the moving patterns using a pottery wheel that I really wanted to try it too. After much thought and analysis of the tools for the job, I have acquired everything I need and am starting my journey as an aspiring follower of Yohei Kisanuki (@LimbaTrip). I will be very happy if someone likes my animation work. If you are also interested in hearing something from my musical work, the link separately ",,youtube.com/@LimbaTrip | youtube.com/@genja.rhodes
56,https://www.youtube.com/@jstarceramics,@jstarceramics,jstarceramics,1490,109,245781,2023-02-06,,,wheel throwing,filter:technique,UCUzE9sYzuuLg0BPurenEs7w,5,"Pottery channel explicitly covering wheel throwing, trimming, and glazing from beginner to advanced levels.",,sonnet,keep,desc,"Welcome to jstarceramics where you'll find informative pottery videos from beginner to advanced, wheel throwing, trimming, glazing etc. You can find my products at : https://jstarceramics.etsy.com",,jstarceramics.etsy.com
57,https://www.youtube.com/@lauriecaffery,@LaurieCaffery,Laurie Caffery,1260,337,737201,2015-04-07,,,wheel throwing,filter:technique,UChNazfZdCsrt5XLPb_lbQsQ,4,"Ceramic studio channel showing behind-the-scenes wheel throwing, slipcasting, hand-carving, and underglaze painting.",,sonnet,keep,desc,"🌟 Welcome to the official YouTube channel for Laurie Caffery Ceramics! 🌟 At LaurieCaffery.com, you'll find one-of-a-kind, handcrafted pottery that blends storytelling, nostalgia, and function. These videos take you behind the scenes in the ceramic studio — from wheel throwing and slipcasting to hand-carving intricate designs and painting custom underglaze illustrations. 🎨✨ 🎥 Watch how each handmade mug, illustrated vase, and functional ceramic piece is created with love, detail, and a dash of whimsy. Whether you're a fellow potter, art collector, or curious creative, you'll enjoy process video",,lauriecaffery.com | instagram.com/lauriecaffery.clay | twitter.com/home | facebook.com/lauriecaffery | linktr.ee/lauriecaffery.clay
58,https://www.youtube.com/@claymuse99,@ClayMuse99,Clay Muse,129,67,164409,2025-05-16,,,pottery wheel,filter:tool,UCnID9FLhFfYyabAKr7ZiF_g,4,"Ceramic artist channel covering wheel throwing, hand-building, glazing but shorts titles show varied clay/craft content.",,sonnet,keep,desc+titles,"Welcome to Clay Muse . The studio-space where lumps of earth become works of heart. I’m [ Sudip paul ], a ceramic artist who believes every swirl of clay tells a story. On this channel you’ll find: Step-by-step pottery wheel tutorials – perfect for beginners & hobbyists Hand-building & sculpting projects – from pinch pots to character figurines Glazing & firing tips – demystifying cones, kilns, and color chemistry Studio vlogs & behind-the-scenes – the mess, the magic, and the occasional mishap Artist spotlights & collabs – celebrating clay creators from around the globe Whether you’re chasing",Perfect Clay Pot Lid Making 🏺✨ #shorts #explore #subscribe #traditional #clay #ytshorts | You’ve Never Seen a Jug Like This 🤯 #shorts #explore #fyp #subscribe #clay #ecofriendly #natural | This Color Is 100% Natural?! 😳 #shorts #clay #explore #subscribe #natural #ecofriendly | This Dhakan Design Is Too Satisfying 🔥 #shorts #clay #clayart #design #explore #subscribe #fyp | Wait for the Final Design 😍 #shorts #clayart #pottery #explore #fyp #subscribe #foryou | Watch This Lid Turn Mirror Smooth 🤯,
59,https://www.youtube.com/@theclaycottagestudio,@TheClayCottageStudio,The Clay Cottage Studio,19200,253,20979491,2024-02-08,,,wheel throwing,filter:technique,UCx8pKsyQJlFx8HmFgmIHKvQ,0,Studio explicitly states 'no wheel throwing' offering only painting and hand-building.,hand-building,sonnet,drop,desc,"Located in Pembroke Pines, Florida, we’re where casual crafters of all ages come to dabble, create, and have fun! Whether you’re painting pottery, hand-building with clay, or fusing glass, there’s something for you. 🖌️ What We Offer: • Walk-in pottery painting • Clay hand-building (no wheel throwing!) • Glass fusing projects • Kids programs + homeschool days • Private parties & mobile art events • Seasonal classes for adults and children ✨ Watch satisfying kiln reveals, behind-the-scenes studio moments, creative project ideas, and tips to spark your inner artist. 📍 Visit us at 8345 Pines Blvd,",,theclaycottagestudio.com | instagram.com/the_claycottage_studio
60,https://www.youtube.com/@%ec%9d%b4%eb%aa%a8%eb%82%98%eb%94%94%ec%9e%90%ec%9d%b8,@%EC%9D%B4%EB%AA%A8%EB%82%98%EB%94%94%EC%9E%90%EC%9D%B8,이모나디자인,28,182,6987,2019-02-18,,,물레,filter:lang,UCFmf1MbBBf_yfoB3dAdA2DA,0,"Korean product simulation video company, '물레' is substring collision, no pottery content.",,sonnet,drop,desc+titles,제품시물레이션홍보영상 제작전문업체,2차 제일타카전체02 20그림자제거1 22 segundos | 2024.02-05 40 segundos | 2024.02-05 31 segundos | 2024.02-04 31 segundos | 2024.02-03 2 minutos y 14 segundos | 2024.02-02 1 minuto y 50 segundos | 2024.02-01 1 minuto y 33 segundos | 09.04 1 minuto y 4 segundos | 09.04 1 minuto y 4 segundos | 09.10 4 minutos y 2 segundos | 2023-06 28 3 minutos y 2 segundos | 고온수기06 03 2 minutos y 9 segundos | tng06.02 1 minuto y 17 segundos | 2022.12 21 3 minutos | 2023.4.10 1 minuto y 53 segundos | 2023.04 1 minuto y 57 segun,kmong.com/gig/146172 | lira75@hanmail.net
61,https://www.youtube.com/channel/uczbkdea-il6doq8lginen7q,@pos0219,풍오섭TV,159,96,56724,2021-11-07,,,물레,filter:lang,UCzbkDEA-IL6doQ8lgInEN7Q,0,"Trot singer channel with '물레방아' in song title, unrelated to pottery.",,sonnet,drop,desc+titles,가수 풍오섭 [동백/물레방아 인생],"가수풍오섭 #동백 (월미도 갈매기 무대공연) 3 minutes, 48 seconds | 가수풍오섭 #동백 (인덕원 붓다마을 정기공연) 3 minutes, 50 seconds | 가수 박연희 복사꽃당신  (김병걸 차차차 창단콘서트) 3 minutes, 49 seconds | 가수 금샛별  동백(원곡 풍오섭) 고유정 가요tv 3 minutes, 39 seconds | 가수풍오섭  태종대의 밤 (원곡 현당) 에이스종합복지센터 정기공연  3 minutes, 33 seconds | 가수풍오섭   동백   (에이스 종합복지센터 정기공연) 3 minutes, 46 seconds | 가수 정선희 #동백(원곡 풍오섭) 정선희 놀러와  3 minutes, 43 seconds | 가수 풍오섭  동백   명작 가요쇼 3 minutes, 44 seconds | 가수 이현희 동백(원곡 풍오섭) 이현희 가요 산책 3 minutes, 38 seconds | 가수 최유영  울엄마 (원곡 진성) 제2회 금천가요제",
62,https://www.youtube.com/@fabclay.studio,@Fabclay.studio,Fabclay Studio | Handcrafted Ceramic Manufacturer,47,84,69694,2026-04-20,,,wheel throwing,filter:technique,UCiNqnRw57d2wuFrSTCWBKnw,4,"Ceramic manufacturer channel showing wheel throwing to glazing/firing process, though shorts emphasize product marketing.",,sonnet,keep,desc+titles,"Welcome to Fabclay Studio — where handcrafted ceramics meet timeless design and modern craftsmanship. We create premium handmade ceramic products including mugs, vases, tableware, dinnerware, hotelware and home décor. Crafted with precision from raw clay to finished art. From wheel throwing and shaping to glazing and firing, this channel takes you inside the complete ceramic-making process. On this channel, you’ll discover: • Satisfying pottery and wheel throwing videos • Behind-the-scenes of handcrafted ceramic production • Glazing techniques and finishing processes • Premium handmade ceramic","Handcrafted ceramics made by skilled artisans, not machines. #shorts #ceramicmanufacturer | Handcrafted ceramics made by skilled artisans, not machines. #shorts #ceramicmanufacturer | Handcrafted ceramics made by skilled artisans, not machines. #shorts #ceramicmanufacturer | Handcrafted ceramics made by skilled artisans, not machines. #shorts #ceramicmanufacturer | Handcrafted ceramics made by skilled artisans, not machines. #shorts #ceramicmanufacturer | Handcrafted ceramics made by skilled art",wa.me/message/MSXXQKHHZOVXL1
63,https://www.youtube.com/@HandcraftedCeramics-v5j/about,@HandcraftedCeramics-v5j,Handcrafted Ceramics,,169,201,2024-10-29,,,wheel throwing,filter:technique,UCf0Cy_lcHbBfSkchT437Ehg,4,"Handmade ceramics channel describing wheel throwing to firing process, though generic marketing tone.",,sonnet,keep,desc,"Welcome to the 【Handcrafted Ceramics】 channel! 🎨🍶 Here, we showcase the unique charm of handmade ceramics, sharing each thoughtfully crafted piece. From wheel throwing to firing, every step highlights the artisan's exquisite skills and passion for ceramics. Our content not only allows you to understand the process of creating ceramics but also provides a relaxing and soothing experience through the creation process, letting you feel the healing power of handmade art! 🧘‍♀️✨ We highly value your feedback, and every comment and like motivates us to keep creating more beautiful ceramic pieces. 💬👍 ",,youtube.com/channel/UCf0Cy_lcHbBfSkchT437Ehg?sub_confirmation=1
64,https://www.youtube.com/@%ec%9e%91%ea%b3%a1%ea%b0%80%ea%b6%8c%eb%85%b8%ed%95%b4%eb%a7%8c,@%EC%9E%91%EA%B3%A1%EA%B0%80%EA%B6%8C%EB%85%B8%ED%95%B4%EB%A7%8C,작곡가 권노해만-장윤정*송가인*정동원 ,44900,1197,7236348,2018-08-01,,,물레,filter:lang,UCMCBoob7-QHxItEclRlkgwQ,0,"Trot composer/performer channel, no pottery content, keyword collision.",,sonnet,drop,desc,"장윤정.송가인.정동원 등의 노래를 작곡하고 임영웅 커버곡 '깎아주세요'와 이찬원.김희재.양지은.전유진 등이 커버한 '당신편'을 작곡한 트로트작곡가 겸 가수, 미술작가, 퍼포먼스아티스트(행위예술가), 연극,MC,아트디렉터,음반프로듀서,아트모델,사진영상 등 다양한 문화예술 분야에서 활동중인 만!능 종합예술인 #권노해만 의 채널입니다. ( 문의사항 = 010-4732-4883 / 카톡 9man ) ◆대표작곡◆ 장윤정-당신편 송가인-월하가약 최수호-월하가약 정동원-육십령 한혜진 - 부는대로 김희재,이찬원-당신편 (사랑의콜센터 PART44) 민지-꽃다운여자 슬리피 - 한방이터질거야 한봄 - 자갈밭 강혜연-만고땡.가슴떨릴때.못견디게 권미희-오늘의운세 안율-별표인생.어린나이.파샤.애평선.할배연가 장송호-암행어사.꽃길만걸어라 전종혁.홍성원.김태수.박정서.송우주 - 유월의바람 서건후-세월택시.물지게.인생사 오강혁-친구야.단한사람 강신비-쑥뿌리.동년동월 강신비.홍성원-직진할거야 재니(Feat.정다한)-게섯거라 효성-치마바위 송별이-사는게다그래요.청보리고향.사랑의물레방아.인생길~ 한태현-볼매사나이 임영웅 커버곡-깎아주세요(단야 원곡) 손태진.김주택-월하가약(한일톱텐쇼) 라포엠-",,cafe.daum.net/myhm | youtube.com/@user-sk8mv3zq2h | blog.naver.com/skandlwps | facebook.com/haeman.kwonno | youtube.com/channel/UCGakC6UplIPnoB0WrAgpEbQ | youtube.com/channel/UCOzz2BvglonWu4ZtR2w6JzA
65,https://www.youtube.com/@duyfwm7942,@duyfwm7942,해외선물에셋10,1020,140,1254637,2017-12-31,,,물레,filter:lang,UCie45osdu06Bxhljtj2oODg,0,"Foreign futures trading channel, hashtag collision with '레전드', no pottery content.",,sonnet,drop,desc,#해외선물 #해외선물실시간 #해외선물가족방 #해외선물단톡방 #해외선물리딩 #해외선물엄석대 #해외선물한병태 #해선학교 #주식 #코인 #비트코인 #해외선물하는방법 #해외선물하는법 #해외선물공부 #해외선물초보 #해외선물레전드 #해외선물수익,,
66,https://www.youtube.com/@%ea%b5%ac%eb%b9%84%ec%9e%84%eb%8b%a4_%ea%b5%ac%eb%b9%84,@%EA%B5%AC%EB%B9%84%EC%9E%84%EB%8B%A4_%EA%B5%AC%EB%B9%84,구비임다,92,74,26610,2025-07-30,,,물레,filter:lang,UCeEHC95fsW6JpDwiBwgB5Ew,0,"Gaming/Roblox channel, '시물레이터' substring collision, no pottery content.",,sonnet,drop,desc+titles,"주로 배틀브릭 올리는 채널 아니면 추억의 게임들(예:피자가게 자연재해 서바이벌 51구역) 그리고 유튜버를 얼마나 아시나요 올림 영상 업로드 시간:매일(1일 1영) (거의 1시 업로드) (쇼츠는 매일 업로드)(1일 1영아니고 1일 2영일수도 있고 아플때에는 낫기전까지 업로드 없음 아이디어나 만들 게 없을때는 1일 0영이다 근데 1일 1영이라 해놓고선 한 두달 걸려서 영상올린다. 이유:포세이큰과 로블록스에 있는 그외의 게임들때문에) Q&A: 구독자 100명,500명,1000명, 3000명, 10000명 때 할예정 주제영상:프나펑 한글자막 영상,로블록스,(공포게임,예:레인보우 프렌즈,도어즈,프레셔,미믹등등)그외:배틀브릭,포세이큰,다오데(다이오브데스),타디시(타워 디펜스 시물레이터) 게임플레이영상이 아닌영상:다오데 OST모음,포세이큰 OST모음,배틀브릭 노래(보스전 노래나 일반스테이지들) 규칙:1.타 유튜버 언급금지(유튜버를 얼마나아시나요 제외 모든영상에서 타유튜버 언급금지) 2.실력 놀리지않기.(예 내가더 잘함 겁나못하노 이러지않기.) 3.악플 달지않기 4.빠놀이 금지 5.구독자,시청자,좋어요수 가지고 놀리지않기.(예:구독자 적은 사람이나 조회수 낮고 영상좋아요도","포세이큰 순교자 1x스킨 리뷰!!!!!!!!!! 1 minute, 56 seconds | 베틀브릭 미스터 맨서 3분 21초컷 3 minutes, 37 seconds | 배틀브릭 셀레브레이션 ?분 ?초컷 2 minutes, 46 seconds | 배틀브릭 생일 배틀러 23초컷 36 seconds | 배틀브릭 엑섹 브금 6 minutes, 52 seconds | 추억의 survive area 51 2편!!!! 4 minutes, 22 seconds | 추억의 survive area 51!! 11 minutes, 29 seconds | 배틀브릭 영면자 2분 17초컷 2 minutes, 31 seconds | 배틀브릭 소울퓨즈 2분 29초컷 2 minutes, 44 seconds | 배틀 브릭 카탈로그 머핀 2분 48초컷 3 minutes, 4 seconds | 배틀브릭 불안 브금 4 minutes, 30 seconds | 배틀브릭 인페르누스 9분 16초컷 9 minutes, 35 seco",discord.gg/nM4JekUP6 | open.kakao.com/o/pbptxcti
67,https://www.youtube.com/channel/uc7dckj-bknbb2qtpjx4hzdq,@ThrowWithUsDMs,Throw With Us DMs,61,85,14471,2011-10-08,,,pottery wheel,filter:tool,UC7dckJ-BKnBB2QtpjX4hzDQ,3,"Hobbyist channel documenting new pottery wheel attempts and kiln openings, learning-stage content.",,sonnet,gray,desc+titles,"Come with us while we try, fail, and try again on our new pottery wheel! We talk a bunch about TTRPGs so come throw with us!","Kiln Opening ASMR - I Love the Sound of the Tiles! 11 minutes, 15 seconds | Day 2 of setup in Cleveland Ohio 2 minutes, 26 seconds | Day 1 of setup in Cleveland Ohio 2 minutes, 27 seconds",topnotchceramictrees.com | rollwithusdms.com
68,https://www.youtube.com/@sarahhallamceramics74,@SarahHallamCeramics74,Sarah Hallam Ceramics (Stokie Potter),1140,154,138028,2025-02-19,,,wheel throwing,filter:technique,UCV0aepAGKMkdvBlN3saNNKw,4,UK potter's channel focused on ceramics/glaze chemistry with beginner-friendly wheel-adjacent videos.,,sonnet,keep,desc,"🍯 Sarah the Stokie Potter | Ceramics & Glaze Chemistry Welcome! I’m Sarah the Stokie Potter, making vibrant pottery in my home studio in Stoke-on-Trent, Staffordshire (UK)—the historic home of the Potteries and The Great Pottery Throw Down. Join me for relaxed, beginner-friendly videos as I share my passion for all things clay and glaze. This channel follows my creative journey through the world of ceramics, focusing on colour, technique, and experimentation. 🌀 What to Expect: Wheel Throwing & Hand-building: Practical tips and techniques. Glaze Alongs: Testing Amaco, Spectrum, and as many othe",,instagram.com/sarahhallamceramics | tiktok.com/sarahhallamceramics | facebook.com/profile.php?id=61564447360834 | sarahhallamceramics.co.uk
69,https://www.youtube.com/@michellelovespottery,@MichelleLovesPottery,Michelle (MLP),144,63,134569,2025-09-11,,,wheel throwing,filter:technique,UC2RJtEJ-eFD3T_ZNca3qEbw,5,"Titles show full trimming and throwing sessions for custom mugs, clear wheel-throwing process content.",,sonnet,keep,desc+titles,"Hi! I'm Michelle and I love pottery! I'm a solo entrepreneur making handmade pottery with a cozy treehouse vibe in my home studio in Maryland. To keep myself from going feral, I make skits covering pottery topics like wheel throwing, hand building, glazing, shipping, selling -- any and all things related to running my pottery business, MLP Pottery. And to keep things interesting, I get help from my studio pals, Pots and Paints. Stick around for some lighthearted entertainment that might sneakily teach you a thing or two about pottery.","Making The Great North family mugs: Trimming Aunt Dirt's, Beef's, and Honeybee's mugs 8 minutes, 7 seconds | Making The Great North family's mugs: Throwing Moon's mug 10 minutes, 17 seconds | Making The Great North family's mugs: Throwing Judy's mug 12 minutes, 38 seconds | Making The Great North family's mugs: Throwing Ham's mug 14 minutes, 43 seconds | Making The Great North family's mugs: Throwing Honeybee's mug 15 minutes | Making The Great North family's mugs: Throwing Wolf's mug 6 minutes,",mlppottery.etsy.com | mlppottery.com | instagram.com/michellelovespottery
70,https://www.youtube.com/@ceramicraft,@Ceramicraft,Ceramicraft,4060,192,1025963,2017-10-25,,,pottery wheel,filter:tool,UCke8VQqz6L-ZU0m5K7_5T0w,2,Sublimation/vinyl craft channel mentioning pottery wheels only as one of many product tools/topics.,,sonnet,drop,desc,"Ceramicraft – Your Creative Partner in Pottery, Sublimation and Vinyl! Subscribe to stay updated We’re here to help makers, artists, and small businesses bring their ideas to life through sublimation and ceramic craftsmanship. Step-by-step sublimation tutorials for mugs, blanks, and more Tips for using heat presses, ovens, and sublimation printers Guides to setting up and using kilns, pottery wheels, and studio tools Product spotlights and troubleshooting advice Behind-the-scenes insights from industry experts We’re a trusted Australian supplier of sublimation blanks, ceramic materials, kilns,",,ceramicraft.com.au
71,https://www.youtube.com/@artbyokanemi,@ArtByOkanemi,Okanemi Ceramics,177,96,87862,2015-06-12,,,wheel throwing,filter:technique,UCzQG3JVALbKvbaqhiBtIhBg,5,Titles show ceramic wheel throwing tutorials and full vase-making sessions from LA-based ceramicist.,,sonnet,keep,desc+titles,"I’m a poetic ceramicist from Los Angeles, who’s inspired by love, life and the possibilities between. My channel comprises of ceramic wheel throwing, tutorial demonstrations and some behind the scenes work for accomplishing finished works.","Ceramic wheel throwing for beginners.  5 minutes, 1 second | Let’s make another vase #ceramics #clayart #clay #pottery 20 minutes | Let’s create something (full video) 18 minutes | When making vases goes right 17 minutes | Let’s make a functional pot 20 minutes | Wheel throwing outside is better. Let’s marble a mini vase. #ceramics #clay #pottery #wheelthrowing 18 minutes | Come throw a vase with me. #ceramics #artist #clay #claying #pottery #wheelthrowing #handmade 24 minutes | Wheel throwing #",okanemi.com | instagram.com/okanemi_ | facebook.com/okanemi | tiktok.com/@okanemi_ | etsy.com/shop/Okanemi | artsteps.com/view/6543f442b04c140f1a5f026d
72,https://www.youtube.com/@epicai,@EpiCai,Geo Tjakra,16200,2648,22611107,2006-08-20,,,wheel throwing | pottery wheel,filter:technique,UCuZ2x-wDFRPdzlaANaeT83A,3,"MFA ceramicist covering wheel throwing among broader craft/design curriculum, mixed content likely.",,sonnet,gray,desc,"Geoffrey/ Jeffrey Tjakra 蔡也亮(Cai Ye Liang) a.k.a. king ePicAi on YT since 2006 MFA studio arts Ceramics 2007, California State University Los Angeles. BFA studio arts Sculpture 1994, Rutgers University, MGSA, NJ @Pelangi_12 UPH lv, Faculty of Design, ig: @fd.uph @interior.uph @vcd.uph @produkdesain.uph since 2014 SDD 1&2 (elements & principles of design, Nirmana, wood, metal fabrication, plastics, resin &, silicon rubber mould) Kriya/craft (leather), ceramics (handbuilding, pottery wheel throwing skills), mold making and slip casting, glazes development. A multidisciplinary artist known for hi",,facebook.com/album.php?fbid=1757882950691&id=1347537734&aid=100524 | pinterest.com/geotjakra/ocarinas-xuns-and-flutes-for-sale | soundcloud.com/geoffrey-tjakra | geotjakra.deviantart.com/art/Prayer-By
73,https://www.youtube.com/@tofiksumra0,@tofiksumra0,THE POTTERY TV,2370,370,3707980,2021-02-11,,,wheel throwing,filter:technique,UC4MMy_swlxJe45k9yNJUbQg,4,Hindi-language pottery channel promising step-by-step wheel throwing and hand-building tutorials.,,sonnet,keep,desc,"​🏺 The Pottery TV – Where Clay Meets Creativity! ​Swagat hai The Pottery TV par! Agar aapko mitti se nayi-nayi cheezein banana pasand hai ya aap pottery ki kala ko bilkul shuruat se seekhna chahte hain, toh aap sahi jagah aaye hain. ​Is channel par hum mitti (clay) ko ek naya roop dete hain aur aapko sikhate hain pottery ke har ek bariki ko. ​Aapko yahan kya dekhne ko milega? ​✅ Step-by-Step Tutorials: Wheel throwing aur hand-building ki basic se advanced techniques. ​✅ DIY Clay Projects: Ghar par baith kar banayein khoobsurat decorative items. ​✅ Glazing & Firing: Seekhiye pottery ko finish a",,
74,https://www.youtube.com/@alissaclayton827,@alissaclayton827,"Clayton, Alissa",1780,112,141359,2017-04-10,,,wheel throwing | trimming pottery,filter:technique,UCFAdhlCQvwbOWNgGyZBbImA,4,"School ceramics demo channel showing wheel throwing (centering, bowls) and trimming techniques.",,sonnet,keep,desc,"Millville Senior High School Ceramic Demos: Student and Teacher Made Daily Demos for Remote Learning Demonstrations on wheel throwing (centering clay, creating bowls, vases, and mugs). Trimming pottery with different style feet. Hope you enjoy our learning and teaching process.",,
75,https://www.youtube.com/@rd-vt3pl,@RD-vt3pl,NCN 재능기부 생산 R&D 품질대통령상멘토 ,31,132,11133,2019-02-23,,,물레,filter:lang,UCFcjJUQi4fJzqJSxkbsCqIQ,0,"R&D quality management consulting channel, '시물레이션' collision, unrelated to pottery.",,sonnet,drop,desc+titles,- 고경력인사의 경험과 지혜를 중소벤처기업을 대상으로 재능기부 하므로써 - O 2022년까지 6년간 60여개 중소기업의 비용절감 평균 4천만원 달성하였으며 O 전국품질경진대회 12개기업을 대통령상 받도록 코칭 함 - 시물레이션기반으로 통계적 방법을 통해 비용이 들지않는 솔루션 제공 - 1 공정조건 및 작업 조건을 변경만으로 최적조건 솔루션제시 2 기술개발시 최소실험 20회 정도만하여 숄루션을 찾아내어 개발기간 단축은 물론 비용절감 기술개발사업 성공여부 판단 등 3 품질전국대회 대통령상 수상토록 자문 및 코칭 등 - 적용사업대상은 공정조건과 작업조건이 있는 - 1 모든 제조산업 2 스마트팜사업 등의 생물 성장 산업 3 식품 화장품 등 산업 4 환경산업 5 자원 재활용 산업 등 또한 - 고경력전문인사의 재능기부를 격려하며 - - 디지털시대의 접근성 - 시공간성과 색채감 인지성 - 자연의 아름다움 조화로움 다양성 향상을 증진시키기 위해 본 유튜브를 만들어 활용코지 한다 010 7121 5288 로 재능기부 혜택을 받을 수있도록 소통 요망,"LG의 노봇산업의 습격 1 minute, 29 seconds | 곤충들의 향연 무당벌레 등 4개의 곤충등장 2 minutes, 4 seconds | 전립선 건강(1) 과 예방 7 minutes, 52 seconds | 26년 새해 인사 9 seconds | 26년 丙午年 새해 인사 14 seconds | 폐 (암) 질환 치료의 새로운 파라다임, 놀라운 비타민C 효능, 폐 섬유화 강력한 억제 1 minute, 43 seconds | QR&D 노래 및 로고 동영상으로 소개 2 minutes, 8 seconds | (8분) 지구를 지키는 4총사는 누구 일까요? 8 minutes, 22 seconds | (6분) 에너지가 뭐예요? 에너지 마법의 세게 6 minutes, 24 seconds | 에너지에 대한 한 말씀! 1 minute, 3 seconds | 재미있고 간편한 동영상 모음1 1 minute, 24 seconds | 뇌 건강과 걷기 6 minutes, 38 seconds | 울산대",
76,https://www.youtube.com/@world_gameland,@World_Gameland,DJ에잇뚜쉬,49,137,27303,2022-01-01,,,물레,filter:lang,UCs4tKQWDpJyfeTdJME8Q_Yw,0,"Truck/flight simulator gaming channel, keyword collision only, no pottery content.",,sonnet,drop,desc+titles,안녕하세요 Euro Truck Simulator 2 유로트럭2 게임을 즐기고 있는 가상물류회사 KOREA EXPRESS TEAM 코리아 익스프레스팀 리더 DJ에잇뚜쉬 입니다. 저희 KOREA EXPRESS TEAM 시물레이터 게임 및 스팀게임을 주로 하고 있으며 Microsoft Flight Simulator 플라이트 시물레이터 및 각종 게임을 모여서 소통하며 즐기는 팀입니다 유로트럭 시물레이터2 및 플라이트 시물레이터 누구나 참여가 가능하며 각종 게임도 참여가 가능합니다 각동 게임을 잘하거나 멋있게 하는편은 아닙니다 즐겜 유저입니다 부족한 영상이지만 즐겁게 봐 주시고 팀 가입을 희망하시는분들은 댓글 남겨주세요 그럼 오늘도 즐거운 만남을 위해 화이팅^^ 그럼 오늘도 행복한 하루 되세요^^ 코리아 익스프레스팀 유로트럭2 멀티 운행방송 아프리카티비 매주 수요일 금요일 밤 9시에 방송 ON 합니다 아프리카티비 주소 링크 https://bj.afreecatv.com/kh2565 ▶ 건강을 위해 롤러스케이트 및 바이크로 운동하는 영상도 업로드 하고 있습니다 유튜브 채널명 롤킹초이 Rollking Choi 구독 좋아요 부탁드립니다 ▶ roller skating exer,"Yakuza 5 Remastered [ EP 5 ] - Final part 3 / Gameplay [ 용과같이 5 리마스터 꿈을 이루는 자 ] 영화같은 스토리 최고 1 hour, 9 minutes | Euro Truck Simulator 2 | 2021.12.22 #17 | IBERIA Multi Driving Server 2 Euro Tour KOREA EXPRESS TEAM 55 minutes | DIABLO Ⅳ 23.07.05 #04 디아블로4 처음으로 잡아보는 초보 즐겜유저들의 월드보스 사냥 닥치고 막사냥 디아4 즐기기 #디아블로4 #즐겜유저 3 minutes, 46 seconds | Yakuza 5 Remastered [ EP 5 ] - Final part 2 / Gameplay [ 용과같이 5 리마스터 꿈을 이루는 자 ] 영화같은 스토리 최고 52 minutes | Euro Truck Simulator 2 | 2021.12.15 #16 | IBERIA Multi Drivi",bj.afreecatv.com/kh2565 | youtube.com/channel/UCE58Ifis621V71Ax-rO7SfA | instagram.com/rollking_choi
77,https://www.youtube.com/@sammayell,@sammayell,Sam Mayell,125,54,69180,2010-02-20,,,wheel throwing,filter:technique,UCWQ05K0LGKabHTPqbSsCPQA,5,"Dedicated wheel throwing pottery channel producing mugs, vases and stoneware pieces weekly.",,sonnet,keep,desc,"Wheel throwing pottery tutorials and regular videos on all things ceramics. I produce travel cups, vases, mugs, spoon rests, wall plates and other ceramic stoneware pieces on a weekly basis in my little pottery studio.",,sammayell.com
78,https://www.youtube.com/channel/ucilqdk8alijemyzvzb8ynfq,@claire-yb4yp,Anthony's Magic Art,222,100,50503,2013-01-05,,,물레,filter:lang,UCILQdK8aLIJEmyzvZB8YNFQ,0,"Roblox gaming channel with piano content, '시물레이터' collision, unrelated to pottery.",,sonnet,drop,desc+titles,"#로블록스#게임#힐링#피아노#창작시#game#roblox#piano * 업로드 시간 * 아기곰: 일.(14:00~14:30) 아기곰피아노: 토 or 일 (오후쯤) *녹화 프로그램* 노트북: 녹화:OBS-화질:1080p 방송:OBS-화질:720p 태블릿: 녹화:화면 녹화-화질:1080p48 [비즈니스 문의]:jungjy2602@naver.com * 로블록스 캐릭터 저작권은 아기곰에게 있으며, 사칭,캐릭터 무단복제시 채널 차단을 당할 수 있습니다. * * 폭력적인 댓글/욕설/비하/동영상욕은 채널 차단+아이디 영구 숨기를당할 수 있습니다. * 로블록스 온라인 게임으로 재밌는 점프맵, 캐빈크루 시물레이터, 열차, 피아노로 재밌는 콘텐츠를 만들고 있어요!😊] 구독하시면 일요일 마다 재밌는 영상을 만나보실 수 있어요!","[OpenBVE] 서울 지하철 5호선 4차분 방화 → 여의나루 운전 40 minutes | 아기곰 로블록스[둥굴부대 레이더로 플레이] 28 minutes | (시청자 요청) 아기곰 로블록스[배드워즈 초보의 배드워즈 간단한 2판] 15 minutes | (🎮설날특집🎮) 아기곰 로블록스[프로젝트 비행 | 얼리 액세스 프리 알파(50로벅) 보잉 787/korea Air] 26 minutes | 아기곰 로블록스[Og's Difficulty Chart,병원 타이쿤] 40 minutes | (오토스나) 아기곰 로블록스[라이벌 2v2대결!] 27 minutes | Anthony's 모바일게임[그래니3 기차엔딩] 17 minutes | (🎄크리스마스 특집+최초공개) 아기곰 모바일게임[주차의 달인 1~24스테이지] 27 minutes | (안내방송 음원) 아기곰 로블록스[싱가포르 MRT: 노스 이스트 라인/HarbourFront~Punggol Coast] 37 minutes | 아기곰 동영상(진에어",roblox.com/ko/users/4299733063/profile | roblox.com/ko/users/4220922985/profile | m.blog.naver.com/herbchocolate | m.blog.naver.com/jungjy2602
79,https://www.youtube.com/@tinypotsmelbourne,@tinypotsmelbourne,Tiny Pots Melbourne,582,119,179825,2020-09-19,,,pottery wheel,filter:tool,UCGqVMKNnGLjqPj7mAsy3MTw,4,Miniature pottery channel showing wheel throwing tutorials and mini-wheel pot making on camera.,,sonnet,keep,desc+titles,"Miniature pottery by Hamish Bassett. Ceramicist from Melbourne, Australia who loves to make tiny ceramic pots on a tiny pottery wheel. Follow my journey and watch as I make tiny pots.","My Favourite Miniature Pottery Tools 8 minutes, 48 seconds | A Beginner's Guide to Making Miniature Pottery on a Miniature Wheel 11 minutes, 56 seconds | Mini Pots on a Mini Pottery Wheel - Pot No.4 2 minutes, 55 seconds | Making Tiny Pots on a Mini Pottery Wheel - Pot No. 3 3 minutes, 7 seconds | TINY POT NO. 2 - Making Mini Pottery on a mini pottery wheel 4 minutes | TINY POT NO. 1 - Making Mini Pottery on a mini pottery wheel 2 minutes, 58 seconds",tinypotsmelbourne.com | instagram.com/tinypotsmelbourne
80,https://www.youtube.com/channel/ucrcx-wvadapsknstaapvpua,@%EA%B1%B8%EC%9A%94,딸기서율♡,353,131,80290,2022-05-26,,,물레,filter:lang,UCRcX-wvadApSKnstAaPvpUA,0,"Child gaming vlog channel, '시물레이션' mention unrelated, no pottery content.",,sonnet,drop,desc+titles,me 자기소개!!!!!! 이름:@서율 나이:11살 성별:여성 몸무계:겠냐고여(?) 꿈:성우랑 화가가 꿈입니다! 좋아하는 음식:소금빵쓰 싫어하는 음식:몰루 좋아하는 겜:포세이큰 99일 라이벌 싫어하는겜:별로 없지만 시물레이션 겜을 별로 안좋아합니다 끝! 마지막 말:감사합니다!,"코리안베이컨이랑 더 미믹 하기 ㅠㅠ 16 minutes | 협동게임2 1화 38 seconds | 협동♥💙 1 minute, 18 seconds | 에레레레 13 minutes, 2 seconds | 조금만 편집 함 8 minutes, 11 seconds | 햄찌랑 게임하기 2탄! 7 minutes, 58 seconds | 햄찌랑 게임하기 1탄! 8 minutes, 38 seconds | 꾸몄습니다 아바타 (유트브 프로필 또 저 바꾼 아바타로 바꿀 거예요!) 7 minutes, 41 seconds | 햄찌 너무 귀여워!!!!!!!! 3 minutes, 25 seconds | 햄찌님과 로블! 4 minutes, 27 seconds | 옛날 아바타! 공개!! 1 minute, 42 seconds | 오늘은 영상 빠르게 올릴게! ♥♥♥ 1 minute, 8 seconds | 오늘은 손목 아프는 타월를 할 겁니당~~ 1 minute, 8 seconds | 오늘은 두 개의 게임을 할 예정입니",
81,https://www.youtube.com/@jlpotteryottawa,@JLPotteryOttawa,JL Pottery Ottawa,103,141,124601,2024-12-19,,,pottery wheel,filter:tool,UC3ZNBkZ5_gZmSsDtx70iAjA,1,"Pottery decor/retail channel selling ghost figurine tea lights, no wheel-throwing process shown.",,sonnet,drop,desc,"Perfect for those who love quirky decor or enjoy a touch of spooky fun, these unique tea light figurines are a gift that truly stands out and will become a cherished, whimsical treasure for years to come. Just place your tea light inside, and watch as this friendly ghost lights up your room with cozy, spectral magic. Whether you’re decorating for Halloween, or simply love quirky home decor, Whimsy the Ghost is the ghostly companion you didn’t know you needed—but definitely want! These little ceramic figurines were created in my small home studio. Each piece began on the pottery wheel, then was",,sites.google.com/view/jl-pottery-ottawa | facebook.com/profile.php?id=100088357418469 | instagram.com/jlpotteryottawa | tiktok.com/@jlpotteryottawa?_t=8nTKkHwqejV&_r=1 | jlpotteryottawa.etsy.com
82,https://www.youtube.com/@%ec%9c%a4%ec%a3%bc%ea%b3%b5%eb%b0%a9,@%EC%9C%A4%EC%A3%BC%EA%B3%B5%EB%B0%A9,🌺윤주 공방🌺,2540,392,265466,2020-11-04,,,물레,filter:lang,UCixp63qR2gQhKpQHR5bTbpw,2,Handmade flower pot workshop mentioning electric wheel forming but focused on painted/carved pots retail.,hand-building,sonnet,drop,desc,"🌺윤주공방☎️010-6558-8132🌺풀떼기사랑 ❤️ 주문&문의 ❤️ 카드결제 환영합니다 안녕하세요, 윤주공방수제화분(풀떼기사랑)을 찾아 주시고 구입해 주셔서 감사합니다. 저희 공방 위치는 경기도 김포시 사우동104-7에 있습니다. 유투브에 올리는 저희 화분은 수작업으로 만들고,그리고,색감,조각까지 직접 100% 수작업으로 만들고 있습니다. 그림 채색을 마친후에 초벌을 한후 유약 시유를 하고 흙에 따라 1250도 까지 고온 소성을 거쳐서 가마에서 구워 나옵니다. 보통 전기물레로 성형한 화분이 무게는 가장 가볍습니다. 저희 화분은 수 작업으로 만들어도 전기물레로 만든것 처럼 가볍고 두드려보면 소리가 맑습니다. 공이많이들어 가는 작업이지만 싸이즈에 (싸이즈를 꼭 잘 보세요)비해 저렴하게 올리고 있습니다. 100%수작업 이기에 간혹 마르는 과정이나 굽는 과정에서 생길수 있는 1)비대칭 등이 있을수 있습니다. 2)유약 과정 중 생기는 밀림 현상, 눈물 자국 등이 보일수 있습니다. 3)충동구매후 단순변심은 반품사유가 될수없습니다. 위의 내용 들은 수제화분 특성상 생길수 있는 현상들이니 반품의 사유가 될수 없습니다. 올라온 상세 사진을 꼼꼼히 봐주세요,, 제품의 상세 ",,
83,https://www.youtube.com/@%eb%8f%8c%eb%b0%b0%ea%bd%83%ed%96%a5%ea%b8%b0%ec%82%b0%ea%b3%a8%eb%86%8d%eb%b6%80,@%EB%8F%8C%EB%B0%B0%EA%BD%83%ED%96%A5%EA%B8%B0%EC%82%B0%EA%B3%A8%EB%86%8D%EB%B6%80,돌배꽃 향기 산골농부,21000,109,15989758,2015-01-30,,,물레,filter:lang,UC5FgpvmIHTZ1SFK1sJXJCFg,0,"Rural vlog channel with a decorative '물레방아' water wheel pond, no pottery content.",,sonnet,drop,desc,산골마을에서 농사도 지어가면서 취미로 정자옆에 물레방아 생태 연못도 만들고 물고기들을 키우며 정원도 예쁘게 가꾸고 있습니다 취미로 각종 과일나무들도 심고 가꾸고 있습니다. 잘 훈련된 충견 진돗개 두마리와 함께 생활하고 있습니다. 시골살이 종합 브이로그 입니다.,,
84,https://www.youtube.com/@ahmchannel11,@AHMchannel11,AHM channel 11,212,79,2575,2024-11-09,,,wheel throwing,filter:technique,UCub0NyNXc57AcVoq4zbypKA,3,"Description mentions wheel throwing, hand-building and glazing tutorials generically without confirmed titles.",,sonnet,gray,desc,"YouTube is a valuable resource for both pottery and poll education. For potery, it offers tutorials on techniques like wheel throwing, hand-building, and glazing, along with creative inspiration and artist showcases. Viewers can access step-by-step guides, live streams, and tool reviews, making it ideal for learners of all levels. For poll education, YouTube helps users understand polling methods, data analysis, and how to interpret results. Videos explore types of polls (e.g., political, market research), as well as the ethics and accuracy of polling practices. Tutorials also teach how to des",,facebook.com/share/1DzVvH9bz9
85,https://www.youtube.com/@tv-fl9zb,@Tv-fl9zb,해외선물 대장Tv,519,50,59859,2018-03-03,,,물레,filter:lang,UCjAlEe9jz66gsdO7n7OCpRg,0,"Foreign futures trading livestream channel, '레전드' hashtag collision, unrelated to pottery.",,sonnet,drop,desc+titles,해선대장Tv 생방송안내 월~금 18:00 ~ 00:00 진행 #해외선물 #해외선물실시간 #해외선물가족방 #해외선물단톡방 #해외선물리딩 #해외선물코비 #해외선물커플 #해선학교 #주식 #코인 #비트코인 #해외선물하는방법 #해외선물하는법 #해외선물공부 #해외선물초보 #해외선물레전드 #해외선물수익,"300 common phrasal verbs in spoken English with examples. List of English phrasal verbs 5 hours, 32 minutes | 15 great English phrasal verbs for speaking list of common phrasal verbs in English with e 29 minutes | 100 English topics on different subjects for English conversation. English speaking practi 32 minutes | Learn English through British stories Short Story HD with subtitle 12 minutes, 38 seconds | British Council | Learn English through story The Whistle English Stories with Subtitles 2",
86,https://www.youtube.com/@%ea%b9%80%eb%8f%99%ea%b7%9c-k5l5w,@%EA%B9%80%EB%8F%99%EA%B7%9C-k5l5w,김동규,697,340,37965,2018-11-18,,,물레,filter:lang,UCzjIzHmgHZtQfgJ1FVFJN8Q,0,"Wind/hydro power generator patent channel, '물레방아' as water wheel reference, unrelated to pottery.",,sonnet,drop,desc+titles,"【발명의 명칭】 풍력과 수력 융합 발전기 시스템 【기술분야】 【0001】본 발명은 풍력과 수력 융합 발전기 시스템에 관한 것으로, 더욱 상세하게는; 강이나 바다 물 위에 떠서 풍력과 수력 융합 발전기 시스템이 바람의 방향에 따라 시스템 몸체 전체가 좌우로 또는 한 바퀴 돌면서 풍차와 물레방아가 바람을 정면으로 받아 발전량을 증가하는 제 1 실시 예와 제 2 실시 예는 풍력과 수력 융합 발전기 시스템을 산이나 들이나 강가에 설치하여 바람 방향에 따라 시스템 몸체 전체가 좌우로 또는 한 바퀴 돌면서 풍차와 물레방아가 바람을 정면으로 받아 발전량을 증가하는 방법과 시스템 몸체는 바람 방량을 따라 움직이지 못하고 고정되어 있으나 몸체 뒤쪽 뒤쪽구조물에 부착하여 수직으로 설치된 수직 돛대(23)가 바람의 방향에 따라 좌우로 혹은 한 바퀴 이상 돌면서 몸체 전체를 지렛대 작용을 하여 지렛대의 힘으로 다수로 설치된 물 펌프(15)로 물을 밀어 올려 물레방아를 돌려서 발전하는 것을 특징으로 하는 풍력과 수력 융합 발전기 시스템에 관한 것이다. 【발명의 효과 【발명의 효과】 【0015】 기존 풍력발전기 날개 길이가 50m 무게는 약 10톤을 높이 약 100m 높이에 지지탑 ","2026 년 바람 소득마을 소득 2배 원리 8 minutes, 59 seconds | 바람이 불면 돈이 들어오는 풍력발전기 9 minutes, 22 seconds | 바람이 불면 돈이 들어 오는 풍력발전기 바람소득마을 2 minutes, 31 seconds | 바람이 불면 돈이 들어 옵니다 풍력 발전 장치 11 minutes, 8 seconds | 햇빛과 바람 소득마을 용 발전량 약 2배 3 minutes, 27 seconds | 하나님의 독생자의 이름을 믿지아니함으로 벌써 심판을 받은 것이니라 요한복음 3장 18절 심판 받는 말씀은 마태복음 제 12장 입니다 사람의 사후 세계 15 minutes | 풍력발전 장치 발전량 2배 증가 바람 소득마을 선착순 9 minutes, 13 seconds | 2028-01-28 화재뚝 풍력발전 장치 1 minute, 6 seconds | 새 하늘에 신령한 복 28 minutes | 햇빛 소득마을 전기를 팔아  月1100만원 벌 수 있다 풍력과 믹",airchange.modoo.at
87,https://www.youtube.com/@%ed%8c%94%ea%b3%b5%ec%82%b0%ec%9e%90%ec%97%b0%ea%b3%b5%ec%9c%a0%ec%a0%95%ec%9b%90,@%ED%8C%94%EA%B3%B5%EC%82%B0%EC%9E%90%EC%97%B0%EA%B3%B5%EC%9C%A0%EC%A0%95%EC%9B%90,팔공산 가자,131,166,89585,2021-11-10,,,물레,filter:lang,UCyoTyjbm3uE0hO-2_VrdGQw,0,"Land/garden plot sales pitch channel, '시물레이션' collision, unrelated to pottery.",,sonnet,drop,desc,"010 8386 8608""내산을 만드는 사람들"" [팔공산 자연공유정원] 큰산을공유하고 나의정원갖기 🚨 내 땅 10평!🚨 한 번 만들면 산이 존재하는 한 자손 대대로! 소유권 등기하고 내 땅 위치지정 문패까지! 🌿 자연이 선사하는 평생 가치! * 🏡 소유권 등기 & 소산주 * 팔공산 청정 부지 10평에 대한 소유권을 등기하고, 나만의 약초정원을 평생 가꿀 수 있습니다.(33만) * 💧 청정 약수 상시 이용 * 인간이 음용하기에 가장 적합한 청정 계곡물을 생수 대용으로 언제든 이용할 수 있습니다. * 🌱 산삼, 약초, 유실수 재배 * 산양산삼, 더덕, 취나물 등 약초와 유실수를 직접 키우는 즐거움을 누려보세요. ✨ 왜 지금 시작해야 할까요? ^^만인을 이롭게하는 사업^^ 5년을 준비하고 시물레이션을 2년 돌려봤습니다 결론은 ""땅을 나누면 서로가 좋아진다""는 답이 나왔습니다 * 미래 가치 상승 * 사업 성장과 파종한 산삼의 가치 상승으로 회원권의 프리미엄 형성이 기대됩니다. * 자유로운 권리(지분등기와 공증위치지정으로 시스템관리) * 회원권은 양도, 상속, 매매가 자유롭게 가능하여 자손에게 물려줄 수 있습니다. 👨‍👩‍👧‍👦 가족과 함께하는 즐거움 * 다양한 야외",,
88,https://www.youtube.com/@amirahanifida2812,@amirahanifida2812,Amirahanifida,254,1243,5738,2021-12-09,,,물레,filter:lang,UC09-oPP87R76STt051tMLmg,0,"Personal reflection channel using '물레' as life metaphor, no pottery content, no wheel-throwing evidence.",,sonnet,drop,desc,인생은 물레와 같다 Want to avoid but still like 辛い過去を忘れる方法,,
89,https://www.youtube.com/@craftingcorner-pgsr,@CraftingCorner-PgSr,Crafting Corner,339,205,881914,2024-11-16,,,wheel throwing,filter:technique,UC6CgZ9V0zQFSQyA8a2FpZFg,4,Pottery-focused channel guiding wheel throwing and handbuilding into finished functional pieces.,,sonnet,keep,desc,"Get ready to get your hands dirty! This is your go-to channel for all things pottery. I'll guide you through everything from wheel throwing to handbuilding, and show you how to create unique and functional pieces. Let's turn a lump of clay into a work of art.",,
90,https://www.youtube.com/@soulspicemix123,@Soulspicemix123,Soul Mix videos,60,93,18295,2019-11-28,,,pottery wheel,filter:tool,UCS3jnjwzfGcyp_lbXkvIzuw,2,Mixed satisfying-content channel with pottery wheel clips but titles show unrelated travel food content.,,sonnet,drop,desc+titles,"soul mix videos 📸 Welcome to the most satisfying mix of creativity and vibes! Here you'll find calming pottery wheel art, emotional Urdu poetry (with English meaning), and delicious food visuals- all in one place. If you love relaxing videos with a touch of soul, this channel is for you. Sit back, relax, and enjoy the mix! Don't forget to Subscribe for more satisfying content!","Dining with the Last Known Cannibals!! (The Crocodile Tribe) Hindi Dubbed 6 minutes, 18 seconds | Pakistan's_Ultra_Bizarre_Street Food!!Exotic Meats of Lahore 19 minutes | RARE Pakistani Village Food!! The Mountain People of Hunza 17 minutes | Uyghur Muslim Food!! China Will Ban Me For This!! 27 minutes | How China is DESTROYING American Fast Food!! 20 minutes | $1 Bird VS $200 Bird!! Vietnam's RARE Street Food!! Vietnam 😱 21 minutes | India's Five Levels of Curry! It Almost Ended Me 11 minutes,",
91,https://www.youtube.com/@reviewphim136,@reviewphim136,해외선물 해선도령TV,275000,204,84559812,2023-03-11,,,물레,filter:lang,UCOEMH5Dq5EGMhwaH5cH8v6Q,0,"Foreign futures trading channel, '레전드' hashtag collision, unrelated to pottery.",,sonnet,drop,desc,"카카오톡 문의하기 ​​https://open.kakao.com/o/sTVtUuqg 1부 오전 10시~오후 3시 2부 오후 8시~새벽 12시 ▶HTS 신규 가입만 해도 20만 지급 ▶첫 담보 20% 지급 ▶매주 실현손익, 수수료 10% 페이백 이벤트 ▶지인 추천 및 다양한 이벤트 진행중입니다 #해외선물 #해외선물실시간 #해외선물가족방 #해외선물단톡방 #해외선물리딩 #해선학교 #해외선물하는방법 #해외선물하는법 #해외선물공부 #해외선물초보 #해외선물레전드 #해외선물수익 #해외선물해선도령",,
92,https://www.youtube.com/@%ed%98%b8%eb%9d%bc%ec%a6%8c%eb%a1%9c%eb%b8%94%eb%a1%9d%ec%8a%a4,@%ED%98%B8%EB%9D%BC%EC%A6%8C%EB%A1%9C%EB%B8%94%EB%A1%9D%EC%8A%A4,스나장인 호라즌,49,57,19739,2016-09-13,,,물레,filter:lang,UCTpDhDPbPn2ByehgKvsT96Q,0,"Roblox gaming channel, '시물레이터' collision, no pottery content.",,sonnet,drop,desc+titles,안녕하세요. 스나장인 호라즌 입니다.친구추가방법.계정:leejea160922부계는 suvf101220입니다~라이벌 브래인로트 훔치기 강서구 비행시물레이터를 주로하는 유튜버입니다^^(채널장님이 촬영을 주로 못해서 영상이 늦게 올라갈때가 있습니다. 구취 하지마세요ㅠㅠㅠ좋댓구알 해주시고 가주세용~! 2번째 위에 사진이 있는데 그건 저랑 58명 화물차님입니다!!!),"상황극 폭8판 두대의 아N의 최후#roblox #로블록스 #로블계 #출처 현대자동차#추천추천추천추천추천추천추천추천추천추천추천추천추천추천추천#병맛 41 seconds | 내 첫 상황극 퍼진 아N의 최후#roblox #로블록스 #로블계 #출처 현대자동차,기아자동차#추천추천추천추천추천추천추천추천추천추천추천추천추천추천추천#병맛 41 seconds | 강소구 2탄 1 minute, 1 second | 강소구 1탄 1 minute, 1 second | 인천1 호선 1 minute, 1 second | 저 호라이즌 스나 뽑았어요 1 minute, 1 second | 독거미f99 타건영상 19 seconds | 음원출처 월수1972 1 minute, 19 seconds | 브훔대결ㄷㄷ 24 seconds | 같이 99밤 하실분 뉴비라 무시하지 마세요ㅠㅠㅠㅠ 17 seconds | 나의 라이벌 일상 #스나이퍼#칼찌#노줌샷ㄷㄷㄷ 1 minute, 52 seconds | 무언가 이상한? 대한항공 이륙",
93,https://www.youtube.com/@mypinkpottery,@Mypinkpottery,My pink pottery,192,82,41674,2025-01-05,,,pottery wheel,filter:tool,UCpm1Z0Eb7FpRyIVJvBchQdA,2,Ceramics hobbyist channel pivoting toward slip casting and mould work rather than wheel throwing.,slip-casting,sonnet,drop,desc,"My pottery journey started 32 years ago, i spent almost 3 years in ceramic classes (they were very trendy in the 90s) and then life happened. After having my babies and then they grew up i decided to try my hand at it again. I have a soap/candle business and you tube channel for that @Nelson Interior Soapery and thought this is my calm place to have a little me time. Come along as i re learn some old skills of casting and slip moulding and learn how to navigate my way through the pottery wheel and building process. https://pin.it/6gHC4tNT9",,mypinkpottery.com | pin.it/6gHC4tNT9
94,https://www.youtube.com/@%eb%ac%bc%eb%a0%88%eb%b0%a9%ec%95%97%ea%b0%84%ec%9d%b8%ec%83%9d%ec%82%ac,@%EB%AC%BC%EB%A0%88%EB%B0%A9%EC%95%97%EA%B0%84%EC%9D%B8%EC%83%9D%EC%82%AC,물레방앗간인생사,481,115,141848,2025-05-22,,,물레,filter:lang,UCbW10d23V6onCExgJ18wn8g,0,"AI-generated audio drama storytelling channel, '물레방앗간' used as nostalgic setting name only.",,sonnet,drop,desc+titles,"시간이 멈춘 듯한 방앗간, 그 안에 숨어 있던 이야기들이 다시 돌기 시작합니다. “물레방앗간인생사”는 세월의 무게와 감정의 결을 따라 흐르는 정통 감성 오디오 드라마 채널입니다. 웃음, 눈물, 분노, 그리고 가슴속 사연들을 감성 오디오 드라마로 풀어냅니다. 소리로 전해지는 인생 이야기. 그 시절, 우리 모두의 이야기를 들려드리면서 실화를 바탕으로 재구성한 내용도 들어 있습니다 🎙️ 이 콘텐츠는 인공지능 음성과 텍스트 기반 시나리오로 제작된 감성 드라마 콘텐츠입니다. 시니어 세대를 위한 공감과 위로의 이야기를 전하고자 제작되었습니다. 🎙️ 구독과 좋아요 항상 감사 드립니다. 여러분의 인생사도 함께 나누고 싶습니다. #오디오북 #사연라디오 #노후사연 #사연라디오 #감동실화 연락처 : tndks2007@naver.com","잠자기 전, 조용히 듣는 인생 이야기 5시간 | 백만장자인줄 알았다 재혼 후 드러난 진 | 불을 끄고 듣는 인생 이야기 | 손주 행사에 나만 부르지 않았다. | 잠자기 전, 조용히 듣는 인생 이야기 5시간 | 내돈은 펑펑 쓰면서 나한텐 아끼라는 아들.며느리 | 며느리의 한마디 이후 시어머니는 더이상 오지 않았다 | 쥬얼리 디자이너 며느리는 시어머니 무시했다가 철저히 무너졌다 | 며느리는 지팡이를 걷어 찼다 남 보기 부끄럽다고 | 70년 침묵 끝에 꺼낸 고백 | 반려견 콩이를 잃어 버린후 며느리의 충격적인 행동에 시어머니는 결심을 하게 됩니다 | 냉동창고에서 돌아 온 여자 #노후사연 #오디오북 | 반려견에게 유산 상속을 할 수 밖에 없었다 #오디오북 #유산상속  #반려견 | 30년만에 밝혀진 한강미제 사건의 비밀",
95,https://www.youtube.com/@plavkapro,@PlavkaPRO,Plavka Pro,1880,66,209769,2019-07-30,,,pottery wheel,filter:tool,UCJocUtjTbMyPO9lmrEypSsw,2,"Kiln/furnace manufacturer channel selling ovens, no on-camera wheel-throwing process shown.",,sonnet,drop,desc,"We manufacture high temperature ovens! Reliable Affordable Furnaces! In production, we use only modern technologies and materials, which allows us to make inexpensive and very technological ovens for work and hobbies. The operating temperature of our ovens is from 0 to 1250 degrees! Not maximum! Namely, working! In our furnaces, both fast melting of metals and gentle firing of high-temperature ceramic masses are possible. What makes any of our furnaces a universal working tool. In addition to ovens, we have a wide range of related products: For working with clay: Pottery wheels, extruders, rol",,plavka.pro | vk.com/plavkapro | instagram.com/plavka.pro | t.me/plavkapro
96,https://www.youtube.com/@beyondtheclaywall,@BeyondtheClayWall,Beyond the Clay Wall,1240,64,203885,2022-01-16,,,wheel throwing | pottery wheel,filter:technique,UCHU1Xy9ywjZcmMo5efWsPfw,5,Dedicated clay wheel channel with pottery wheel throwing tutorials and ASMR clay soundscapes.,,sonnet,keep,desc,"Welcome to Beyond the Clay Wall! Exploring beyond the single wall vessel . A place to find new ideas and expand your clay wheel repertoire. Clay tutorials, Clay Video, Pottery wheel throwing video tutorials and the ASMR Clay soundscapes. Together let’s explore the possibilities beyond the single wall thrown vessel. The greatest thing about clay, is the time we get to spend with it. Hit SUBSCRIBE and let’s meet up in the comments section. You can follow my sculptural work on my Instagram Page. https://www.instagram.com/jsallessculp/",,instagram.com/jsallessculp
97,https://www.youtube.com/@shoeboxstudioceramics,@ShoeboxStudioCeramics,Shoebox Studio Ceramics,1480,110,91717,2016-10-30,,,wheel throwing,filter:technique,UCGgHQ7FfyKxWv3ASoAdRD0g,5,"Australian potter's channel featuring wheel throwing, hand building, kiln openings and studio life content.",,sonnet,keep,desc,"Welcome to the studio of Shoebox Studio Ceramics. I’m Jane — a potter based in Secret Harbour, Western Australia. This channel is all about clay, curiosity, and making things with your hands. You’ll find wheel throwing, hand building, kiln openings, studio life, and my monthly Seat in Clay challenge. Pull up a chair, get muddy, and make along with me 🤍",,buymeacoffee.com/SnEPjhG42A | ko-fi.com/shoeboxstudio | shoeboxstudio.com.au | instagram.com/janes_shoebox_studio | facebook.com/JanesShoeboxStudio | shoebox_studio@yahoo.com.au | preview.mailerlite.i
98,https://www.youtube.com/@julieinminiature,@JulieinMiniature,Julie in Miniature,11800,628,6665002,2007-06-05,,,pottery wheel,filter:tool,UC8Fh_mG9fdgd9ixvrkOdvIg,4,Miniature art channel throwing 1/8-scale ceramics on miniature pottery wheel alongside other tiny crafts.,,sonnet,keep,desc,"Julie in Miniature is a long-running miniature art channel where tiny pottery, handmade miniatures, and slow, satisfying processes take center stage. From throwing delicate 1/8-scale ceramics on a miniature pottery wheel to building detailed miniature scenes and experimenting with clay, wood, and found objects, each piece is crafted entirely by hand in a small backyard studio or Julie's home. With a mix of calming process videos and playful, creative shorts, the channel celebrates patience, craftsmanship, and the joy of working small—proving that tiny art can hold a lot of heart. Join my maili",,bit.ly/4t0BLD9
99,https://www.youtube.com/@ceramicsjourney,@ceramicsjourney,CeramicsJourney ~ Amanda,896,95,773931,2025-08-20,,,wheel throwing,filter:technique,UCFrOZGI4v1NcBEL1hWH_hdw,5,Beginner pottery journey channel explicitly focused on wheel throwing with some handbuilding technique.,,sonnet,keep,desc,"Hi, I’m Amanda! I started CeramicsJourney to document my growth as a potter and to share what the real process of learning, experimenting, and growing as a ceramicist. If you’ve ever wanted to explore pottery, you’re in the right place. On this channel, you’ll find: 🎥 Pottery for beginners — step-by-step guides, tips, and beginner-friendly tutorials 🌀 Wheel throwing and maybe some handbuilduing techniques (successes + struggles included!) 🏺 Studio vlogs, Workshop experiences & behind-the-scenes of my pottery practice 🌍 My journey learning from potters around the world, including my internship ",,instagram.com/ceramicsjourney?igsh=OGZydXhqOWlwMjJj | tiktok.com/@ceramicsjourney?_t=ZN-8z2k36ms8m6&_r=1
